Distance,Pressure
 0.000000E+00, 5.327775E-02
 6.000161E-05, 5.322990E-02
 1.200032E-04, 5.318205E-02
 1.800048E-04, 5.313420E-02
 2.400064E-04, 5.308636E-02
 3.000080E-04, 5.303850E-02
 3.600096E-04, 5.299066E-02
 4.200113E-04, 5.294281E-02
 4.800129E-04, 5.289496E-02
 5.400145E-04, 5.284711E-02
 6.000161E-04, 5.279927E-02
 6.600177E-04, 5.275141E-02
 7.200193E-04, 5.270357E-02
 7.800209E-04, 5.265572E-02
 8.400225E-04, 5.260787E-02
 9.000241E-04, 5.256002E-02
 9.600258E-04, 5.251218E-02
 1.020027E-03, 5.246433E-02
 1.080029E-03, 5.241648E-02
 1.140031E-03, 5.236863E-02
 1.200032E-03, 5.232079E-02
 1.260034E-03, 5.227294E-02
 1.320035E-03, 5.222509E-02
 1.380037E-03, 5.217724E-02
 1.440039E-03, 5.212939E-02
 1.500040E-03, 5.208154E-02
 1.560042E-03, 5.203370E-02
 1.620044E-03, 5.198585E-02
 1.680045E-03, 5.193800E-02
 1.740047E-03, 5.189015E-02
 1.800048E-03, 5.184231E-02
 1.860050E-03, 5.179445E-02
 1.920052E-03, 5.174661E-02
 1.980053E-03, 5.170071E-02
 2.040055E-03, 5.165651E-02
 2.100056E-03, 5.161231E-02
 2.160058E-03, 5.156812E-02
 2.220060E-03, 5.152392E-02
 2.280061E-03, 5.147972E-02
 2.340063E-03, 5.143552E-02
 2.400064E-03, 5.139132E-02
 2.460066E-03, 5.134712E-02
 2.520068E-03, 5.130292E-02
 2.580069E-03, 5.125872E-02
 2.640071E-03, 5.121452E-02
 2.700072E-03, 5.117032E-02
 2.760074E-03, 5.112612E-02
 2.820075E-03, 5.108192E-02
 2.880077E-03, 5.103771E-02
 2.940079E-03, 5.099352E-02
 3.000080E-03, 5.094931E-02
 3.060082E-03, 5.090512E-02
 3.120084E-03, 5.086092E-02
 3.180085E-03, 5.081671E-02
 3.240087E-03, 5.077251E-02
 3.300088E-03, 5.072831E-02
 3.360090E-03, 5.068411E-02
 3.420092E-03, 5.063991E-02
 3.480093E-03, 5.059572E-02
 3.540095E-03, 5.055151E-02
 3.600097E-03, 5.050731E-02
 3.660098E-03, 5.046311E-02
 3.720100E-03, 5.041891E-02
 3.780101E-03, 5.037472E-02
 3.840103E-03, 5.033051E-02
 3.900104E-03, 5.028631E-02
 3.960106E-03, 5.024211E-02
 4.020108E-03, 5.019791E-02
 4.080109E-03, 5.015372E-02
 4.140111E-03, 5.010951E-02
 4.200113E-03, 5.006583E-02
 4.260114E-03, 5.002412E-02
 4.320116E-03, 4.998241E-02
 4.380118E-03, 4.994069E-02
 4.440119E-03, 4.989897E-02
 4.500120E-03, 4.985726E-02
 4.560122E-03, 4.981554E-02
 4.620124E-03, 4.977383E-02
 4.680126E-03, 4.973211E-02
 4.740127E-03, 4.969040E-02
 4.800129E-03, 4.964868E-02
 4.860130E-03, 4.960697E-02
 4.920132E-03, 4.956525E-02
 4.980133E-03, 4.952354E-02
 5.040135E-03, 4.948182E-02
 5.100137E-03, 4.944010E-02
 5.160138E-03, 4.939839E-02
 5.220140E-03, 4.935667E-02
 5.280142E-03, 4.931496E-02
 5.340143E-03, 4.927325E-02
 5.400145E-03, 4.923153E-02
 5.460146E-03, 4.918981E-02
 5.520148E-03, 4.914810E-02
 5.580150E-03, 4.910638E-02
 5.640151E-03, 4.906467E-02
 5.700153E-03, 4.902295E-02
 5.760154E-03, 4.898123E-02
 5.820156E-03, 4.893952E-02
 5.880157E-03, 4.889781E-02
 5.940159E-03, 4.885609E-02
 6.000161E-03, 4.881438E-02
 6.060163E-03, 4.877266E-02
 6.120164E-03, 4.873094E-02
 6.180166E-03, 4.868923E-02
 6.240167E-03, 4.864752E-02
 6.300169E-03, 4.860580E-02
 6.360170E-03, 4.856408E-02
 6.420172E-03, 4.852237E-02
 6.480174E-03, 4.848065E-02
 6.540175E-03, 4.843894E-02
 6.600177E-03, 4.839722E-02
 6.660179E-03, 4.835577E-02
 6.720180E-03, 4.831578E-02
 6.780182E-03, 4.827579E-02
 6.840183E-03, 4.823581E-02
 6.900185E-03, 4.819582E-02
 6.960187E-03, 4.815583E-02
 7.020188E-03, 4.811585E-02
 7.080190E-03, 4.807586E-02
 7.140191E-03, 4.803587E-02
 7.200193E-03, 4.799589E-02
 7.260195E-03, 4.795590E-02
 7.320196E-03, 4.791591E-02
 7.380198E-03, 4.787593E-02
 7.440200E-03, 4.783594E-02
 7.500201E-03, 4.779595E-02
 7.560202E-03, 4.775596E-02
 7.620204E-03, 4.771598E-02
 7.680206E-03, 4.767599E-02
 7.740207E-03, 4.763601E-02
 7.800209E-03, 4.759602E-02
 7.860211E-03, 4.755603E-02
 7.920212E-03, 4.751605E-02
 7.980214E-03, 4.747606E-02
 8.040216E-03, 4.743607E-02
 8.100217E-03, 4.739609E-02
 8.160219E-03, 4.735610E-02
 8.220220E-03, 4.731611E-02
 8.280222E-03, 4.727613E-02
 8.340224E-03, 4.723614E-02
 8.400225E-03, 4.719615E-02
 8.460226E-03, 4.715617E-02
 8.520229E-03, 4.711618E-02
 8.580230E-03, 4.707620E-02
 8.640232E-03, 4.703620E-02
 8.700233E-03, 4.699622E-02
 8.760235E-03, 4.695623E-02
 8.820237E-03, 4.691624E-02
 8.880238E-03, 4.687626E-02
 8.940239E-03, 4.683627E-02
 9.000241E-03, 4.679628E-02
 9.060243E-03, 4.675630E-02
 9.120245E-03, 4.671631E-02
 9.180246E-03, 4.667632E-02
 9.240247E-03, 4.663634E-02
 9.300249E-03, 4.659635E-02
 9.360251E-03, 4.655636E-02
 9.420252E-03, 4.651759E-02
 9.480254E-03, 4.647883E-02
 9.540256E-03, 4.644007E-02
 9.600258E-03, 4.640131E-02
 9.660259E-03, 4.636255E-02
 9.720260E-03, 4.632379E-02
 9.780263E-03, 4.628503E-02
 9.840264E-03, 4.624627E-02
 9.900265E-03, 4.620751E-02
 9.960267E-03, 4.616875E-02
 1.002027E-02, 4.612999E-02
 1.008027E-02, 4.609123E-02
 1.014027E-02, 4.605247E-02
 1.020027E-02, 4.601371E-02
 1.026028E-02, 4.597495E-02
 1.032028E-02, 4.593619E-02
 1.038028E-02, 4.589743E-02
 1.044028E-02, 4.585867E-02
 1.050028E-02, 4.581992E-02
 1.056028E-02, 4.578115E-02
 1.062028E-02, 4.574239E-02
 1.068029E-02, 4.570363E-02
 1.074029E-02, 4.566488E-02
 1.080029E-02, 4.562612E-02
 1.086029E-02, 4.558735E-02
 1.092029E-02, 4.554860E-02
 1.098029E-02, 4.550984E-02
 1.104030E-02, 4.547108E-02
 1.110030E-02, 4.543231E-02
 1.116030E-02, 4.539356E-02
 1.122030E-02, 4.535480E-02
 1.128030E-02, 4.531603E-02
 1.134030E-02, 4.527728E-02
 1.140031E-02, 4.523852E-02
 1.146031E-02, 4.519976E-02
 1.152031E-02, 4.516100E-02
 1.158031E-02, 4.512224E-02
 1.164031E-02, 4.508348E-02
 1.170031E-02, 4.504472E-02
 1.176031E-02, 4.500596E-02
 1.182032E-02, 4.496720E-02
 1.188032E-02, 4.492844E-02
 1.194032E-02, 4.488968E-02
 1.200032E-02, 4.485092E-02
 1.206032E-02, 4.481216E-02
 1.212033E-02, 4.477340E-02
 1.218033E-02, 4.473464E-02
 1.224033E-02, 4.469588E-02
 1.230033E-02, 4.465712E-02
 1.236033E-02, 4.461863E-02
 1.242033E-02, 4.458075E-02
 1.248033E-02, 4.454286E-02
 1.254034E-02, 4.450497E-02
 1.260034E-02, 4.446709E-02
 1.266034E-02, 4.442920E-02
 1.272034E-02, 4.439132E-02
 1.278034E-02, 4.435343E-02
 1.284034E-02, 4.431555E-02
 1.290035E-02, 4.427766E-02
 1.296035E-02, 4.423977E-02
 1.302035E-02, 4.420189E-02
 1.308035E-02, 4.416400E-02
 1.314035E-02, 4.412612E-02
 1.320035E-02, 4.408823E-02
 1.326036E-02, 4.405034E-02
 1.332036E-02, 4.401246E-02
 1.338036E-02, 4.397457E-02
 1.344036E-02, 4.393669E-02
 1.350036E-02, 4.389880E-02
 1.356036E-02, 4.386092E-02
 1.362037E-02, 4.382303E-02
 1.368037E-02, 4.378514E-02
 1.374037E-02, 4.374726E-02
 1.380037E-02, 4.370937E-02
 1.386037E-02, 4.367149E-02
 1.392037E-02, 4.363360E-02
 1.398038E-02, 4.359572E-02
 1.404038E-02, 4.355783E-02
 1.410038E-02, 4.351994E-02
 1.416038E-02, 4.348206E-02
 1.422038E-02, 4.344418E-02
 1.428038E-02, 4.340629E-02
 1.434038E-02, 4.336840E-02
 1.440039E-02, 4.333051E-02
 1.446039E-02, 4.329263E-02
 1.452039E-02, 4.325474E-02
 1.458039E-02, 4.321686E-02
 1.464039E-02, 4.317897E-02
 1.470039E-02, 4.314109E-02
 1.476040E-02, 4.310320E-02
 1.482040E-02, 4.306532E-02
 1.488040E-02, 4.302743E-02
 1.494040E-02, 4.298954E-02
 1.500040E-02, 4.295166E-02
 1.506040E-02, 4.291377E-02
 1.512040E-02, 4.287589E-02
 1.518041E-02, 4.283800E-02
 1.524041E-02, 4.280012E-02
 1.530041E-02, 4.276223E-02
 1.536041E-02, 4.272434E-02
 1.542041E-02, 4.268646E-02
 1.548041E-02, 4.264857E-02
 1.554042E-02, 4.261069E-02
 1.560042E-02, 4.257280E-02
 1.566042E-02, 4.253532E-02
 1.572042E-02, 4.249805E-02
 1.578042E-02, 4.246078E-02
 1.584042E-02, 4.242351E-02
 1.590043E-02, 4.238623E-02
 1.596043E-02, 4.234896E-02
 1.602043E-02, 4.231169E-02
 1.608043E-02, 4.227442E-02
 1.614043E-02, 4.223714E-02
 1.620043E-02, 4.219987E-02
 1.626044E-02, 4.216260E-02
 1.632044E-02, 4.212533E-02
 1.638044E-02, 4.208806E-02
 1.644044E-02, 4.205079E-02
 1.650044E-02, 4.201351E-02
 1.656044E-02, 4.197624E-02
 1.662045E-02, 4.193897E-02
 1.668045E-02, 4.190170E-02
 1.674045E-02, 4.186442E-02
 1.680045E-02, 4.182715E-02
 1.686045E-02, 4.178988E-02
 1.692045E-02, 4.175261E-02
 1.698046E-02, 4.171534E-02
 1.704046E-02, 4.167807E-02
 1.710046E-02, 4.164080E-02
 1.716046E-02, 4.160353E-02
 1.722046E-02, 4.156625E-02
 1.728046E-02, 4.152898E-02
 1.734046E-02, 4.149171E-02
 1.740047E-02, 4.145443E-02
 1.746047E-02, 4.141717E-02
 1.752047E-02, 4.137989E-02
 1.758047E-02, 4.134262E-02
 1.764047E-02, 4.130535E-02
 1.770047E-02, 4.126807E-02
 1.776048E-02, 4.123081E-02
 1.782048E-02, 4.119353E-02
 1.788048E-02, 4.115626E-02
 1.794048E-02, 4.111899E-02
 1.800048E-02, 4.108172E-02
 1.806048E-02, 4.104445E-02
 1.812049E-02, 4.100718E-02
 1.818049E-02, 4.096990E-02
 1.824049E-02, 4.093263E-02
 1.830049E-02, 4.089536E-02
 1.836049E-02, 4.085809E-02
 1.842049E-02, 4.082081E-02
 1.848049E-02, 4.078354E-02
 1.854050E-02, 4.074627E-02
 1.860050E-02, 4.070900E-02
 1.866050E-02, 4.067173E-02
 1.872050E-02, 4.063446E-02
 1.878050E-02, 4.059719E-02
 1.884050E-02, 4.055992E-02
 1.890051E-02, 4.052264E-02
 1.896051E-02, 4.048537E-02
 1.902051E-02, 4.044810E-02
 1.908051E-02, 4.041083E-02
 1.914051E-02, 4.037356E-02
 1.920052E-02, 4.033628E-02
 1.926052E-02, 4.029924E-02
 1.932052E-02, 4.026239E-02
 1.938052E-02, 4.022554E-02
 1.944052E-02, 4.018869E-02
 1.950052E-02, 4.015184E-02
 1.956053E-02, 4.011498E-02
 1.962053E-02, 4.007813E-02
 1.968053E-02, 4.004128E-02
 1.974053E-02, 4.000443E-02
 1.980053E-02, 3.996758E-02
 1.986053E-02, 3.993072E-02
 1.992053E-02, 3.989387E-02
 1.998053E-02, 3.985702E-02
 2.004054E-02, 3.982017E-02
 2.010054E-02, 3.978332E-02
 2.016054E-02, 3.974647E-02
 2.022054E-02, 3.970962E-02
 2.028054E-02, 3.967277E-02
 2.034055E-02, 3.963591E-02
 2.040055E-02, 3.959906E-02
 2.046055E-02, 3.956221E-02
 2.052055E-02, 3.952536E-02
 2.058055E-02, 3.948851E-02
 2.064055E-02, 3.945166E-02
 2.070056E-02, 3.941480E-02
 2.076056E-02, 3.937795E-02
 2.082056E-02, 3.934110E-02
 2.088056E-02, 3.930425E-02
 2.094056E-02, 3.926740E-02
 2.100056E-02, 3.923055E-02
 2.106057E-02, 3.919370E-02
 2.112057E-02, 3.915685E-02
 2.118057E-02, 3.912000E-02
 2.124057E-02, 3.908314E-02
 2.130057E-02, 3.904629E-02
 2.136057E-02, 3.900944E-02
 2.142057E-02, 3.897259E-02
 2.148058E-02, 3.893574E-02
 2.154058E-02, 3.889889E-02
 2.160058E-02, 3.886203E-02
 2.166058E-02, 3.882518E-02
 2.172058E-02, 3.878833E-02
 2.178058E-02, 3.875148E-02
 2.184059E-02, 3.871463E-02
 2.190059E-02, 3.867777E-02
 2.196059E-02, 3.864092E-02
 2.202059E-02, 3.860407E-02
 2.208059E-02, 3.856722E-02
 2.214059E-02, 3.853037E-02
 2.220060E-02, 3.849352E-02
 2.226060E-02, 3.845667E-02
 2.232060E-02, 3.841982E-02
 2.238060E-02, 3.838297E-02
 2.244060E-02, 3.834612E-02
 2.250060E-02, 3.830926E-02
 2.256060E-02, 3.827241E-02
 2.262061E-02, 3.823556E-02
 2.268061E-02, 3.819871E-02
 2.274061E-02, 3.816186E-02
 2.280061E-02, 3.812500E-02
 2.286061E-02, 3.808815E-02
 2.292061E-02, 3.805130E-02
 2.298062E-02, 3.801445E-02
 2.304062E-02, 3.797760E-02
 2.310062E-02, 3.794075E-02
 2.316062E-02, 3.790390E-02
 2.322062E-02, 3.786716E-02
 2.328062E-02, 3.783059E-02
 2.334063E-02, 3.779402E-02
 2.340063E-02, 3.775745E-02
 2.346063E-02, 3.772087E-02
 2.352063E-02, 3.768430E-02
 2.358063E-02, 3.764773E-02
 2.364063E-02, 3.761116E-02
 2.370064E-02, 3.757458E-02
 2.376064E-02, 3.753801E-02
 2.382064E-02, 3.750144E-02
 2.388064E-02, 3.746486E-02
 2.394064E-02, 3.742829E-02
 2.400064E-02, 3.739172E-02
 2.406065E-02, 3.735515E-02
 2.412065E-02, 3.731857E-02
 2.418065E-02, 3.728200E-02
 2.424065E-02, 3.724543E-02
 2.430065E-02, 3.720886E-02
 2.436065E-02, 3.717228E-02
 2.442065E-02, 3.713571E-02
 2.448066E-02, 3.709914E-02
 2.454066E-02, 3.706256E-02
 2.460066E-02, 3.702599E-02
 2.466066E-02, 3.698942E-02
 2.472066E-02, 3.695285E-02
 2.478066E-02, 3.691627E-02
 2.484067E-02, 3.687970E-02
 2.490067E-02, 3.684313E-02
 2.496067E-02, 3.680656E-02
 2.502067E-02, 3.676999E-02
 2.508067E-02, 3.673341E-02
 2.514067E-02, 3.669684E-02
 2.520068E-02, 3.666027E-02
 2.526068E-02, 3.662369E-02
 2.532068E-02, 3.658712E-02
 2.538068E-02, 3.655055E-02
 2.544068E-02, 3.651398E-02
 2.550068E-02, 3.647741E-02
 2.556068E-02, 3.644083E-02
 2.562069E-02, 3.640426E-02
 2.568069E-02, 3.636768E-02
 2.574069E-02, 3.633111E-02
 2.580069E-02, 3.629454E-02
 2.586069E-02, 3.625797E-02
 2.592070E-02, 3.622140E-02
 2.598070E-02, 3.618482E-02
 2.604070E-02, 3.614825E-02
 2.610070E-02, 3.611168E-02
 2.616070E-02, 3.607510E-02
 2.622070E-02, 3.603853E-02
 2.628070E-02, 3.600196E-02
 2.634071E-02, 3.596539E-02
 2.640071E-02, 3.592881E-02
 2.646071E-02, 3.589224E-02
 2.652071E-02, 3.585567E-02
 2.658071E-02, 3.581909E-02
 2.664072E-02, 3.578252E-02
 2.670072E-02, 3.574595E-02
 2.676072E-02, 3.570938E-02
 2.682072E-02, 3.567281E-02
 2.688072E-02, 3.563624E-02
 2.694072E-02, 3.559966E-02
 2.700073E-02, 3.556309E-02
 2.706072E-02, 3.552651E-02
 2.712073E-02, 3.548994E-02
 2.718073E-02, 3.545337E-02
 2.724073E-02, 3.541680E-02
 2.730073E-02, 3.538023E-02
 2.736073E-02, 3.534365E-02
 2.742073E-02, 3.530708E-02
 2.748074E-02, 3.527050E-02
 2.754074E-02, 3.523393E-02
 2.760074E-02, 3.519748E-02
 2.766074E-02, 3.516109E-02
 2.772074E-02, 3.512470E-02
 2.778075E-02, 3.508830E-02
 2.784075E-02, 3.505191E-02
 2.790075E-02, 3.501552E-02
 2.796075E-02, 3.497912E-02
 2.802075E-02, 3.494273E-02
 2.808075E-02, 3.490634E-02
 2.814076E-02, 3.486994E-02
 2.820076E-02, 3.483355E-02
 2.826076E-02, 3.479715E-02
 2.832076E-02, 3.476076E-02
 2.838076E-02, 3.472437E-02
 2.844076E-02, 3.468797E-02
 2.850076E-02, 3.465158E-02
 2.856077E-02, 3.461519E-02
 2.862077E-02, 3.457879E-02
 2.868077E-02, 3.454240E-02
 2.874077E-02, 3.450600E-02
 2.880077E-02, 3.446961E-02
 2.886077E-02, 3.443322E-02
 2.892078E-02, 3.439682E-02
 2.898078E-02, 3.436043E-02
 2.904078E-02, 3.432404E-02
 2.910078E-02, 3.428764E-02
 2.916078E-02, 3.425125E-02
 2.922078E-02, 3.421485E-02
 2.928079E-02, 3.417847E-02
 2.934079E-02, 3.414207E-02
 2.940079E-02, 3.410568E-02
 2.946079E-02, 3.406928E-02
 2.952079E-02, 3.403289E-02
 2.958079E-02, 3.399650E-02
 2.964080E-02, 3.396010E-02
 2.970080E-02, 3.392371E-02
 2.976080E-02, 3.388732E-02
 2.982080E-02, 3.385092E-02
 2.988080E-02, 3.381453E-02
 2.994080E-02, 3.377813E-02
 3.000081E-02, 3.374174E-02
 3.006081E-02, 3.370535E-02
 3.012081E-02, 3.366895E-02
 3.018081E-02, 3.363256E-02
 3.024081E-02, 3.359617E-02
 3.030081E-02, 3.355977E-02
 3.036081E-02, 3.352338E-02
 3.042082E-02, 3.348698E-02
 3.048082E-02, 3.345059E-02
 3.054082E-02, 3.341420E-02
 3.060082E-02, 3.337780E-02
 3.066082E-02, 3.334141E-02
 3.072082E-02, 3.330502E-02
 3.078083E-02, 3.326862E-02
 3.084083E-02, 3.323223E-02
 3.090083E-02, 3.319583E-02
 3.096083E-02, 3.315944E-02
 3.102083E-02, 3.312305E-02
 3.108083E-02, 3.308666E-02
 3.114084E-02, 3.305026E-02
 3.120084E-02, 3.301387E-02
 3.126084E-02, 3.297748E-02
 3.132084E-02, 3.294108E-02
 3.138084E-02, 3.290469E-02
 3.144084E-02, 3.286830E-02
 3.150085E-02, 3.283190E-02
 3.156085E-02, 3.279551E-02
 3.162085E-02, 3.275912E-02
 3.168085E-02, 3.272272E-02
 3.174085E-02, 3.268633E-02
 3.180085E-02, 3.264993E-02
 3.186085E-02, 3.261354E-02
 3.192086E-02, 3.257715E-02
 3.198086E-02, 3.254075E-02
 3.204086E-02, 3.250436E-02
 3.210086E-02, 3.246797E-02
 3.216086E-02, 3.243157E-02
 3.222086E-02, 3.239518E-02
 3.228087E-02, 3.235878E-02
 3.234087E-02, 3.232239E-02
 3.240087E-02, 3.228722E-02
 3.246087E-02, 3.225266E-02
 3.252087E-02, 3.221810E-02
 3.258087E-02, 3.218354E-02
 3.264087E-02, 3.214898E-02
 3.270088E-02, 3.211442E-02
 3.276088E-02, 3.207986E-02
 3.282088E-02, 3.204530E-02
 3.288088E-02, 3.201074E-02
 3.294088E-02, 3.197617E-02
 3.300089E-02, 3.194162E-02
 3.306089E-02, 3.190706E-02
 3.312089E-02, 3.187250E-02
 3.318089E-02, 3.183793E-02
 3.324089E-02, 3.180337E-02
 3.330089E-02, 3.176881E-02
 3.336089E-02, 3.173425E-02
 3.342089E-02, 3.169969E-02
 3.348090E-02, 3.166513E-02
 3.354090E-02, 3.163057E-02
 3.360090E-02, 3.159601E-02
 3.366090E-02, 3.156145E-02
 3.372090E-02, 3.152689E-02
 3.378091E-02, 3.149233E-02
 3.384091E-02, 3.145777E-02
 3.390091E-02, 3.142320E-02
 3.396091E-02, 3.138864E-02
 3.402091E-02, 3.135408E-02
 3.408092E-02, 3.131952E-02
 3.414091E-02, 3.128496E-02
 3.420092E-02, 3.125040E-02
 3.426092E-02, 3.121584E-02
 3.432092E-02, 3.118128E-02
 3.438092E-02, 3.114672E-02
 3.444092E-02, 3.111216E-02
 3.450093E-02, 3.107760E-02
 3.456093E-02, 3.104304E-02
 3.462093E-02, 3.100847E-02
 3.468093E-02, 3.097392E-02
 3.474093E-02, 3.093935E-02
 3.480093E-02, 3.090479E-02
 3.486094E-02, 3.087023E-02
 3.492093E-02, 3.083567E-02
 3.498094E-02, 3.080111E-02
 3.504094E-02, 3.076655E-02
 3.510094E-02, 3.073199E-02
 3.516094E-02, 3.069743E-02
 3.522094E-02, 3.066287E-02
 3.528095E-02, 3.062830E-02
 3.534095E-02, 3.059375E-02
 3.540095E-02, 3.055919E-02
 3.546095E-02, 3.052463E-02
 3.552095E-02, 3.049006E-02
 3.558096E-02, 3.045550E-02
 3.564095E-02, 3.042094E-02
 3.570096E-02, 3.038638E-02
 3.576096E-02, 3.035182E-02
 3.582096E-02, 3.031726E-02
 3.588096E-02, 3.028270E-02
 3.594096E-02, 3.024814E-02
 3.600096E-02, 3.021358E-02
 3.606097E-02, 3.017902E-02
 3.612097E-02, 3.014446E-02
 3.618097E-02, 3.010989E-02
 3.624097E-02, 3.007533E-02
 3.630097E-02, 3.004077E-02
 3.636098E-02, 3.000621E-02
 3.642097E-02, 2.997165E-02
 3.648098E-02, 2.993709E-02
 3.654098E-02, 2.990253E-02
 3.660098E-02, 2.986797E-02
 3.666098E-02, 2.983341E-02
 3.672098E-02, 2.979885E-02
 3.678099E-02, 2.976429E-02
 3.684099E-02, 2.972973E-02
 3.690099E-02, 2.969516E-02
 3.696099E-02, 2.966060E-02
 3.702099E-02, 2.962605E-02
 3.708100E-02, 2.959148E-02
 3.714100E-02, 2.955692E-02
 3.720099E-02, 2.952236E-02
 3.726100E-02, 2.948780E-02
 3.732100E-02, 2.945324E-02
 3.738100E-02, 2.941868E-02
 3.744100E-02, 2.938412E-02
 3.750100E-02, 2.934956E-02
 3.756101E-02, 2.931500E-02
 3.762101E-02, 2.928044E-02
 3.768101E-02, 2.924478E-02
 3.774101E-02, 2.920855E-02
 3.780101E-02, 2.917232E-02
 3.786102E-02, 2.913609E-02
 3.792102E-02, 2.909986E-02
 3.798102E-02, 2.906363E-02
 3.804102E-02, 2.902740E-02
 3.810102E-02, 2.899117E-02
 3.816102E-02, 2.895494E-02
 3.822102E-02, 2.891871E-02
 3.828103E-02, 2.888248E-02
 3.834103E-02, 2.884625E-02
 3.840103E-02, 2.881002E-02
 3.846103E-02, 2.877379E-02
 3.852103E-02, 2.873756E-02
 3.858104E-02, 2.870133E-02
 3.864104E-02, 2.866510E-02
 3.870104E-02, 2.862887E-02
 3.876104E-02, 2.859264E-02
 3.882104E-02, 2.855641E-02
 3.888104E-02, 2.852018E-02
 3.894104E-02, 2.848395E-02
 3.900104E-02, 2.844772E-02
 3.906105E-02, 2.841149E-02
 3.912105E-02, 2.837526E-02
 3.918105E-02, 2.833903E-02
 3.924105E-02, 2.830280E-02
 3.930105E-02, 2.826657E-02
 3.936106E-02, 2.823034E-02
 3.942106E-02, 2.819411E-02
 3.948106E-02, 2.815788E-02
 3.954106E-02, 2.812165E-02
 3.960106E-02, 2.808542E-02
 3.966106E-02, 2.804919E-02
 3.972106E-02, 2.801296E-02
 3.978107E-02, 2.797673E-02
 3.984107E-02, 2.794050E-02
 3.990107E-02, 2.790427E-02
 3.996107E-02, 2.786804E-02
 4.002107E-02, 2.783181E-02
 4.008108E-02, 2.779558E-02
 4.014108E-02, 2.775935E-02
 4.020108E-02, 2.772312E-02
 4.026108E-02, 2.768689E-02
 4.032108E-02, 2.765066E-02
 4.038108E-02, 2.761443E-02
 4.044108E-02, 2.757820E-02
 4.050108E-02, 2.754197E-02
 4.056109E-02, 2.750574E-02
 4.062109E-02, 2.746951E-02
 4.068109E-02, 2.743328E-02
 4.074109E-02, 2.739705E-02
 4.080109E-02, 2.736082E-02
 4.086110E-02, 2.732459E-02
 4.092110E-02, 2.728835E-02
 4.098110E-02, 2.725212E-02
 4.104110E-02, 2.721590E-02
 4.110110E-02, 2.717967E-02
 4.116111E-02, 2.714344E-02
 4.122110E-02, 2.710721E-02
 4.128111E-02, 2.707097E-02
 4.134111E-02, 2.703475E-02
 4.140111E-02, 2.699852E-02
 4.146111E-02, 2.696228E-02
 4.152111E-02, 2.692605E-02
 4.158111E-02, 2.688983E-02
 4.164112E-02, 2.685359E-02
 4.170112E-02, 2.681737E-02
 4.176112E-02, 2.678113E-02
 4.182112E-02, 2.674490E-02
 4.188112E-02, 2.670867E-02
 4.194112E-02, 2.667245E-02
 4.200112E-02, 2.663621E-02
 4.206113E-02, 2.659998E-02
 4.212113E-02, 2.656375E-02
 4.218113E-02, 2.652752E-02
 4.224113E-02, 2.649129E-02
 4.230113E-02, 2.645506E-02
 4.236114E-02, 2.641883E-02
 4.242114E-02, 2.638260E-02
 4.248114E-02, 2.634639E-02
 4.254115E-02, 2.631020E-02
 4.260115E-02, 2.627400E-02
 4.266115E-02, 2.623780E-02
 4.272115E-02, 2.620161E-02
 4.278115E-02, 2.616541E-02
 4.284115E-02, 2.612922E-02
 4.290115E-02, 2.609302E-02
 4.296115E-02, 2.605683E-02
 4.302116E-02, 2.602063E-02
 4.308116E-02, 2.598443E-02
 4.314116E-02, 2.594824E-02
 4.320116E-02, 2.591204E-02
 4.326116E-02, 2.587584E-02
 4.332117E-02, 2.583965E-02
 4.338117E-02, 2.580345E-02
 4.344117E-02, 2.576726E-02
 4.350117E-02, 2.573106E-02
 4.356117E-02, 2.569487E-02
 4.362117E-02, 2.565867E-02
 4.368117E-02, 2.562247E-02
 4.374118E-02, 2.558628E-02
 4.380118E-02, 2.555008E-02
 4.386118E-02, 2.551389E-02
 4.392118E-02, 2.547769E-02
 4.398118E-02, 2.544149E-02
 4.404118E-02, 2.540530E-02
 4.410119E-02, 2.536910E-02
 4.416119E-02, 2.533291E-02
 4.422119E-02, 2.529671E-02
 4.428119E-02, 2.526052E-02
 4.434119E-02, 2.522432E-02
 4.440119E-02, 2.518812E-02
 4.446120E-02, 2.515193E-02
 4.452120E-02, 2.511573E-02
 4.458120E-02, 2.507953E-02
 4.464120E-02, 2.504334E-02
 4.470120E-02, 2.500714E-02
 4.476120E-02, 2.497095E-02
 4.482120E-02, 2.493475E-02
 4.488121E-02, 2.489856E-02
 4.494121E-02, 2.486236E-02
 4.500121E-02, 2.482616E-02
 4.506122E-02, 2.478997E-02
 4.512121E-02, 2.475377E-02
 4.518121E-02, 2.471757E-02
 4.524121E-02, 2.468138E-02
 4.530122E-02, 2.464518E-02
 4.536122E-02, 2.460899E-02
 4.542122E-02, 2.457279E-02
 4.548122E-02, 2.453659E-02
 4.554123E-02, 2.450040E-02
 4.560123E-02, 2.446420E-02
 4.566123E-02, 2.442801E-02
 4.572123E-02, 2.439181E-02
 4.578123E-02, 2.435562E-02
 4.584124E-02, 2.431942E-02
 4.590123E-02, 2.428322E-02
 4.596123E-02, 2.424703E-02
 4.602124E-02, 2.421083E-02
 4.608124E-02, 2.417464E-02
 4.614124E-02, 2.413844E-02
 4.620124E-02, 2.410224E-02
 4.626124E-02, 2.406605E-02
 4.632125E-02, 2.402985E-02
 4.638125E-02, 2.399366E-02
 4.644125E-02, 2.395746E-02
 4.650125E-02, 2.392126E-02
 4.656125E-02, 2.388507E-02
 4.662126E-02, 2.384887E-02
 4.668126E-02, 2.381268E-02
 4.674126E-02, 2.377648E-02
 4.680126E-02, 2.374028E-02
 4.686126E-02, 2.370410E-02
 4.692126E-02, 2.366793E-02
 4.698126E-02, 2.363175E-02
 4.704127E-02, 2.359557E-02
 4.710127E-02, 2.355940E-02
 4.716127E-02, 2.352322E-02
 4.722127E-02, 2.348704E-02
 4.728127E-02, 2.345086E-02
 4.734127E-02, 2.341469E-02
 4.740128E-02, 2.337851E-02
 4.746128E-02, 2.334233E-02
 4.752128E-02, 2.330615E-02
 4.758128E-02, 2.326998E-02
 4.764128E-02, 2.323380E-02
 4.770128E-02, 2.319762E-02
 4.776128E-02, 2.316145E-02
 4.782129E-02, 2.312527E-02
 4.788129E-02, 2.308909E-02
 4.794129E-02, 2.305292E-02
 4.800129E-02, 2.301674E-02
 4.806129E-02, 2.298056E-02
 4.812130E-02, 2.294438E-02
 4.818130E-02, 2.290821E-02
 4.824130E-02, 2.287203E-02
 4.830130E-02, 2.283585E-02
 4.836130E-02, 2.279967E-02
 4.842130E-02, 2.276350E-02
 4.848130E-02, 2.272732E-02
 4.854131E-02, 2.269114E-02
 4.860131E-02, 2.265497E-02
 4.866131E-02, 2.261879E-02
 4.872131E-02, 2.258261E-02
 4.878131E-02, 2.254643E-02
 4.884131E-02, 2.251026E-02
 4.890132E-02, 2.247408E-02
 4.896132E-02, 2.243790E-02
 4.902132E-02, 2.240172E-02
 4.908132E-02, 2.236555E-02
 4.914132E-02, 2.232937E-02
 4.920132E-02, 2.229319E-02
 4.926132E-02, 2.225702E-02
 4.932133E-02, 2.222084E-02
 4.938133E-02, 2.218466E-02
 4.944133E-02, 2.214848E-02
 4.950133E-02, 2.211231E-02
 4.956133E-02, 2.207613E-02
 4.962133E-02, 2.203995E-02
 4.968134E-02, 2.200377E-02
 4.974134E-02, 2.196760E-02
 4.980134E-02, 2.193142E-02
 4.986134E-02, 2.189524E-02
 4.992134E-02, 2.185906E-02
 4.998134E-02, 2.182289E-02
 5.004134E-02, 2.178671E-02
 5.010135E-02, 2.175053E-02
 5.016135E-02, 2.171436E-02
 5.022135E-02, 2.167818E-02
 5.028135E-02, 2.164200E-02
 5.034135E-02, 2.160582E-02
 5.040136E-02, 2.156965E-02
 5.046136E-02, 2.153347E-02
 5.052136E-02, 2.149729E-02
 5.058136E-02, 2.146112E-02
 5.064136E-02, 2.142494E-02
 5.070136E-02, 2.138876E-02
 5.076136E-02, 2.135258E-02
 5.082137E-02, 2.131641E-02
 5.088137E-02, 2.128025E-02
 5.094137E-02, 2.124408E-02
 5.100137E-02, 2.120792E-02
 5.106137E-02, 2.117175E-02
 5.112137E-02, 2.113558E-02
 5.118138E-02, 2.109942E-02
 5.124138E-02, 2.106325E-02
 5.130138E-02, 2.102708E-02
 5.136138E-02, 2.099092E-02
 5.142138E-02, 2.095475E-02
 5.148138E-02, 2.091859E-02
 5.154138E-02, 2.088242E-02
 5.160139E-02, 2.084625E-02
 5.166139E-02, 2.081009E-02
 5.172139E-02, 2.077392E-02
 5.178139E-02, 2.073775E-02
 5.184139E-02, 2.070159E-02
 5.190140E-02, 2.066542E-02
 5.196140E-02, 2.062925E-02
 5.202140E-02, 2.059309E-02
 5.208140E-02, 2.055692E-02
 5.214140E-02, 2.052075E-02
 5.220141E-02, 2.048459E-02
 5.226140E-02, 2.044842E-02
 5.232141E-02, 2.041226E-02
 5.238141E-02, 2.037609E-02
 5.244141E-02, 2.033992E-02
 5.250141E-02, 2.030376E-02
 5.256141E-02, 2.026759E-02
 5.262142E-02, 2.023142E-02
 5.268142E-02, 2.019526E-02
 5.274142E-02, 2.015909E-02
 5.280142E-02, 2.012292E-02
 5.286142E-02, 2.008676E-02
 5.292142E-02, 2.005059E-02
 5.298143E-02, 2.001442E-02
 5.304142E-02, 1.997826E-02
 5.310143E-02, 1.994209E-02
 5.316143E-02, 1.990593E-02
 5.322143E-02, 1.986976E-02
 5.328143E-02, 1.983359E-02
 5.334144E-02, 1.979743E-02
 5.340144E-02, 1.976126E-02
 5.346144E-02, 1.972509E-02
 5.352144E-02, 1.968893E-02
 5.358144E-02, 1.965276E-02
 5.364144E-02, 1.961659E-02
 5.370144E-02, 1.958043E-02
 5.376144E-02, 1.954426E-02
 5.382145E-02, 1.950810E-02
 5.388145E-02, 1.947193E-02
 5.394145E-02, 1.943576E-02
 5.400145E-02, 1.939960E-02
 5.406145E-02, 1.936343E-02
 5.412146E-02, 1.932726E-02
 5.418146E-02, 1.929110E-02
 5.424146E-02, 1.925493E-02
 5.430146E-02, 1.921877E-02
 5.436146E-02, 1.918260E-02
 5.442146E-02, 1.914644E-02
 5.448146E-02, 1.911028E-02
 5.454146E-02, 1.907412E-02
 5.460147E-02, 1.903796E-02
 5.466147E-02, 1.900180E-02
 5.472147E-02, 1.896564E-02
 5.478147E-02, 1.892948E-02
 5.484147E-02, 1.889332E-02
 5.490147E-02, 1.885716E-02
 5.496148E-02, 1.882100E-02
 5.502148E-02, 1.878484E-02
 5.508148E-02, 1.874868E-02
 5.514148E-02, 1.871252E-02
 5.520149E-02, 1.867636E-02
 5.526149E-02, 1.864020E-02
 5.532149E-02, 1.860405E-02
 5.538149E-02, 1.856789E-02
 5.544149E-02, 1.853172E-02
 5.550149E-02, 1.849557E-02
 5.556149E-02, 1.845941E-02
 5.562149E-02, 1.842325E-02
 5.568150E-02, 1.838709E-02
 5.574150E-02, 1.835093E-02
 5.580150E-02, 1.831477E-02
 5.586150E-02, 1.827861E-02
 5.592150E-02, 1.824245E-02
 5.598151E-02, 1.820629E-02
 5.604151E-02, 1.817013E-02
 5.610151E-02, 1.813397E-02
 5.616151E-02, 1.809781E-02
 5.622151E-02, 1.806165E-02
 5.628151E-02, 1.802549E-02
 5.634151E-02, 1.798933E-02
 5.640152E-02, 1.795317E-02
 5.646152E-02, 1.791701E-02
 5.652152E-02, 1.788086E-02
 5.658152E-02, 1.784470E-02
 5.664152E-02, 1.780854E-02
 5.670153E-02, 1.777238E-02
 5.676153E-02, 1.773622E-02
 5.682153E-02, 1.770006E-02
 5.688153E-02, 1.766390E-02
 5.694153E-02, 1.762774E-02
 5.700153E-02, 1.759158E-02
 5.706153E-02, 1.755542E-02
 5.712153E-02, 1.751926E-02
 5.718154E-02, 1.748310E-02
 5.724154E-02, 1.744694E-02
 5.730154E-02, 1.741078E-02
 5.736154E-02, 1.737462E-02
 5.742154E-02, 1.733846E-02
 5.748154E-02, 1.730230E-02
 5.754155E-02, 1.726614E-02
 5.760155E-02, 1.722999E-02
 5.766155E-02, 1.719383E-02
 5.772155E-02, 1.715767E-02
 5.778155E-02, 1.712152E-02
 5.784155E-02, 1.708536E-02
 5.790155E-02, 1.704921E-02
 5.796156E-02, 1.701305E-02
 5.802156E-02, 1.697690E-02
 5.808156E-02, 1.694074E-02
 5.814156E-02, 1.690459E-02
 5.820156E-02, 1.686843E-02
 5.826157E-02, 1.683228E-02
 5.832157E-02, 1.679612E-02
 5.838157E-02, 1.675997E-02
 5.844157E-02, 1.672382E-02
 5.850157E-02, 1.668766E-02
 5.856157E-02, 1.665151E-02
 5.862157E-02, 1.661535E-02
 5.868158E-02, 1.657920E-02
 5.874158E-02, 1.654304E-02
 5.880158E-02, 1.650689E-02
 5.886158E-02, 1.647073E-02
 5.892158E-02, 1.643458E-02
 5.898159E-02, 1.639842E-02
 5.904159E-02, 1.636227E-02
 5.910159E-02, 1.632611E-02
 5.916159E-02, 1.628996E-02
 5.922159E-02, 1.625380E-02
 5.928160E-02, 1.621765E-02
 5.934159E-02, 1.618149E-02
 5.940159E-02, 1.614534E-02
 5.946160E-02, 1.610919E-02
 5.952160E-02, 1.607303E-02
 5.958160E-02, 1.603688E-02
 5.964160E-02, 1.600072E-02
 5.970161E-02, 1.596457E-02
 5.976161E-02, 1.592841E-02
 5.982161E-02, 1.589226E-02
 5.988161E-02, 1.585610E-02
 5.994161E-02, 1.581995E-02
 6.000162E-02, 1.578379E-02
