 TIME, ISTEP, FT, FX, FY, FZ, MOMX, MOMY, MOMZ, XBAR, YBAR, ZBAR
 2.000000E-01,    10,  1.782997E+00,  4.217830E-05, -1.782997E+00,  0.000000E+00,  0.000000E+00,  0.000000E+00,  1.762453E-08,  2.454885E-07, -1.048182E-02,  5.000000E-01
 4.000000E-01,    20,  4.009255E+00,  2.619792E-04, -4.009255E+00,  0.000000E+00,  0.000000E+00,  0.000000E+00,  5.266235E-08,  3.289867E-07, -4.809387E-03,  5.000000E-01
 6.000001E-01,    30,  3.096716E+00,  3.629816E-04, -3.096716E+00,  0.000000E+00,  0.000000E+00,  0.000000E+00, -3.887176E-08,  2.690882E-06, -2.304805E-02,  5.000000E-01
 8.000002E-01,    40,  2.749037E+00,  1.416888E-04, -2.749037E+00,  0.000000E+00,  0.000000E+00,  0.000000E+00, -1.341877E-07,  2.360532E-06, -4.666621E-02,  5.000000E-01
 1.000000E+00,    50,  2.694667E+00, -9.266710E-04, -2.694666E+00,  0.000000E+00,  0.000000E+00,  0.000000E+00, -1.501725E-07, -4.225869E-07, -1.041473E-03,  5.000000E-01
 1.200000E+00,    60,  2.661633E+00, -3.112088E-03, -2.661632E+00,  0.000000E+00,  0.000000E+00,  0.000000E+00, -1.738865E-07, -2.986906E-06, -2.499132E-03,  5.000000E-01
 1.400001E+00,    70,  2.644754E+00, -5.411217E-03, -2.644748E+00,  0.000000E+00,  0.000000E+00,  0.000000E+00, -1.015518E-07, -4.565619E-06, -2.211640E-03,  5.000000E-01
 1.600001E+00,    80,  2.639843E+00, -5.849002E-03, -2.639836E+00,  0.000000E+00,  0.000000E+00,  0.000000E+00,  5.690534E-08, -3.352948E-06, -1.523373E-03,  5.000000E-01
 1.800001E+00,    90,  2.645842E+00, -3.503071E-03, -2.645839E+00,  0.000000E+00,  0.000000E+00,  0.000000E+00,  2.876462E-07, -1.581413E-06, -1.275276E-03,  5.000000E-01
 2.000001E+00,   100,  2.656055E+00,  4.190225E-04, -2.656055E+00,  0.000000E+00,  0.000000E+00,  0.000000E+00,  3.541559E-07, -1.152001E-07,  1.565409E-03,  5.000000E-01
 2.200001E+00,   110,  2.672440E+00,  3.069777E-03, -2.672438E+00,  0.000000E+00,  0.000000E+00,  0.000000E+00,  2.041158E-07, -5.315227E-07,  5.305085E-04,  5.000000E-01
 2.400001E+00,   120,  2.692158E+00,  2.817068E-03, -2.692157E+00,  0.000000E+00,  0.000000E+00,  0.000000E+00, -5.479928E-08, -2.535090E-06,  2.405324E-03,  5.000000E-01
 2.600002E+00,   130,  2.713477E+00,  5.643193E-04, -2.713477E+00,  0.000000E+00,  0.000000E+00,  0.000000E+00, -2.424185E-07, -4.158867E-06,  1.956742E-02,  5.000000E-01
 2.800002E+00,   140,  2.737032E+00, -1.235600E-03, -2.737032E+00,  0.000000E+00,  0.000000E+00,  0.000000E+00, -2.235505E-07, -3.986592E-06, -8.651494E-03,  5.000000E-01
 3.000002E+00,   150,  2.760980E+00, -8.317237E-04, -2.760980E+00,  0.000000E+00,  0.000000E+00,  0.000000E+00, -8.331643E-08, -2.628693E-06, -8.620358E-03,  5.000000E-01
 3.200002E+00,   160,  2.783158E+00,  1.346389E-03, -2.783158E+00,  0.000000E+00,  0.000000E+00,  0.000000E+00, -2.522572E-09, -1.766470E-06,  3.655541E-03,  5.000000E-01
 3.400002E+00,   170,  2.803936E+00,  3.077030E-03, -2.803934E+00,  0.000000E+00,  0.000000E+00,  0.000000E+00, -9.174943E-08, -2.433912E-06,  2.187163E-03,  5.000000E-01
 3.600002E+00,   180,  2.823751E+00,  2.589659E-03, -2.823750E+00,  0.000000E+00,  0.000000E+00,  0.000000E+00, -2.694906E-07, -4.076462E-06,  4.336842E-03,  5.000000E-01
 3.800003E+00,   190,  2.842043E+00,  3.592689E-04, -2.842043E+00,  0.000000E+00,  0.000000E+00,  0.000000E+00, -3.395388E-07, -5.244570E-06,  4.053183E-02,  5.000000E-01
 4.000003E+00,   200,  2.859508E+00, -1.286940E-03, -2.859508E+00,  0.000000E+00,  0.000000E+00,  0.000000E+00, -2.205949E-07, -4.860433E-06, -1.062713E-02,  5.000000E-01
 4.200003E+00,   210,  2.875976E+00, -6.350245E-04, -2.875976E+00,  0.000000E+00,  0.000000E+00,  0.000000E+00, -2.359488E-08, -3.647432E-06, -1.649244E-02,  5.000000E-01
 4.400003E+00,   220,  2.892040E+00,  1.669852E-03, -2.892039E+00,  0.000000E+00,  0.000000E+00,  0.000000E+00,  4.780436E-08, -2.903203E-06,  5.055980E-03,  5.000000E-01
 4.600004E+00,   230,  2.907089E+00,  3.170528E-03, -2.907087E+00,  0.000000E+00,  0.000000E+00,  0.000000E+00, -6.236579E-08, -3.805817E-06,  3.468747E-03,  5.000000E-01
 4.800004E+00,   240,  2.922112E+00,  2.418165E-03, -2.922112E+00,  0.000000E+00,  0.000000E+00,  0.000000E+00, -2.452497E-07, -5.369550E-06,  6.388843E-03,  5.000000E-01
 5.000004E+00,   250,  2.937254E+00,  1.253799E-04, -2.937254E+00,  0.000000E+00,  0.000000E+00,  0.000000E+00, -3.352864E-07, -5.695278E-06,  1.307308E-01,  5.000000E-01
 5.200005E+00,   260,  2.951461E+00, -1.373535E-03, -2.951461E+00,  0.000000E+00,  0.000000E+00,  0.000000E+00, -2.581471E-07, -4.210534E-06, -8.861260E-03,  5.000000E-01
 5.400004E+00,   270,  2.965271E+00, -7.199386E-04, -2.965270E+00,  0.000000E+00,  0.000000E+00,  0.000000E+00, -9.465561E-08, -2.693945E-06, -1.096068E-02,  5.000000E-01
 5.600005E+00,   280,  2.978715E+00,  1.393804E-03, -2.978715E+00,  0.000000E+00,  0.000000E+00,  0.000000E+00, -3.614996E-08, -2.160775E-06,  4.594353E-03,  5.000000E-01
 5.800004E+00,   290,  2.991297E+00,  2.774388E-03, -2.991296E+00,  0.000000E+00,  0.000000E+00,  0.000000E+00, -1.469108E-07, -3.129790E-06,  3.320730E-03,  5.000000E-01
 6.000004E+00,   300,  3.002846E+00,  1.938015E-03, -3.002845E+00,  0.000000E+00,  0.000000E+00,  0.000000E+00, -3.059749E-07, -4.734461E-06,  7.177723E-03,  5.000000E-01
 6.200005E+00,   310,  3.013729E+00, -2.020448E-04, -3.013729E+00,  0.000000E+00,  0.000000E+00,  0.000000E+00, -3.484185E-07, -5.243039E-06, -7.644036E-02,  5.000000E-01
 6.400005E+00,   320,  3.023613E+00, -1.510896E-03, -3.023613E+00,  0.000000E+00,  0.000000E+00,  0.000000E+00, -2.301903E-07, -4.259841E-06, -8.371583E-03,  5.000000E-01
 6.600005E+00,   330,  3.033060E+00, -6.519071E-04, -3.033060E+00,  0.000000E+00,  0.000000E+00,  0.000000E+00, -7.614886E-08, -2.784527E-06, -1.283000E-02,  5.000000E-01
 6.800005E+00,   340,  3.041406E+00,  1.474902E-03, -3.041405E+00,  0.000000E+00,  0.000000E+00,  0.000000E+00, -4.323189E-08, -2.240083E-06,  4.593406E-03,  5.000000E-01
 7.000005E+00,   350,  3.049283E+00,  2.874240E-03, -3.049281E+00,  0.000000E+00,  0.000000E+00,  0.000000E+00, -1.542355E-07, -3.448604E-06,  3.602751E-03,  5.000000E-01
 7.200005E+00,   360,  3.056301E+00,  2.158497E-03, -3.056301E+00,  0.000000E+00,  0.000000E+00,  0.000000E+00, -2.950444E-07, -5.343669E-06,  7.427036E-03,  5.000000E-01
 7.400006E+00,   370,  3.062671E+00,  3.679896E-05, -3.062671E+00,  0.000000E+00,  0.000000E+00,  0.000000E+00, -3.274607E-07, -6.108593E-06,  4.996441E-01,  5.000000E-01
 7.600006E+00,   380,  3.068433E+00, -1.469625E-03, -3.068433E+00,  0.000000E+00,  0.000000E+00,  0.000000E+00, -2.207588E-07, -4.984154E-06, -1.025686E-02,  5.000000E-01
 7.800006E+00,   390,  3.074037E+00, -1.104785E-03, -3.074037E+00,  0.000000E+00,  0.000000E+00,  0.000000E+00, -8.327981E-08, -3.073093E-06, -8.478483E-03,  5.000000E-01
 8.000007E+00,   400,  3.078928E+00,  9.532963E-04, -3.078928E+00,  0.000000E+00,  0.000000E+00,  0.000000E+00, -4.818610E-08, -1.828434E-06,  5.857075E-03,  5.000000E-01
 8.200006E+00,   410,  3.083349E+00,  2.771093E-03, -3.083348E+00,  0.000000E+00,  0.000000E+00,  0.000000E+00, -1.335188E-07, -2.988807E-06,  3.276720E-03,  5.000000E-01
 8.400006E+00,   420,  3.087260E+00,  2.767724E-03, -3.087258E+00,  0.000000E+00,  0.000000E+00,  0.000000E+00, -2.648871E-07, -5.305964E-06,  5.820374E-03,  5.000000E-01
 8.600008E+00,   430,  3.091141E+00,  9.786454E-04, -3.091141E+00,  0.000000E+00,  0.000000E+00,  0.000000E+00, -3.176415E-07, -6.891295E-06,  2.144402E-02,  5.000000E-01
 8.800008E+00,   440,  3.094603E+00, -9.586073E-04, -3.094602E+00,  0.000000E+00,  0.000000E+00,  0.000000E+00, -2.362647E-07, -6.663931E-06, -2.126182E-02,  5.000000E-01
 9.000009E+00,   450,  3.097805E+00, -1.583082E-03, -3.097805E+00,  0.000000E+00,  0.000000E+00,  0.000000E+00, -8.615834E-08, -4.484485E-06, -8.722566E-03,  5.000000E-01
 9.200007E+00,   460,  3.100845E+00, -2.334268E-04, -3.100845E+00,  0.000000E+00,  0.000000E+00,  0.000000E+00, -1.131738E-08, -2.241820E-06, -2.972082E-02,  5.000000E-01
 9.400008E+00,   470,  3.103505E+00,  1.898017E-03, -3.103505E+00,  0.000000E+00,  0.000000E+00,  0.000000E+00, -5.921872E-08, -2.225119E-06,  3.605737E-03,  5.000000E-01
 9.600009E+00,   480,  3.106051E+00,  3.034765E-03, -3.106050E+00,  0.000000E+00,  0.000000E+00,  0.000000E+00, -1.809414E-07, -4.445425E-06,  4.491074E-03,  5.000000E-01
 9.800009E+00,   490,  3.108501E+00,  2.329822E-03, -3.108500E+00,  0.000000E+00,  0.000000E+00,  0.000000E+00, -2.630450E-07, -6.934073E-06,  9.141454E-03,  5.000000E-01
 1.000001E+01,   500,  3.110728E+00,  4.798897E-04, -3.110728E+00,  0.000000E+00,  0.000000E+00,  0.000000E+00, -2.428416E-07, -7.883065E-06,  5.058345E-02,  5.000000E-01
 1.020001E+01,   510,  3.112753E+00, -9.406313E-04, -3.112753E+00,  0.000000E+00,  0.000000E+00,  0.000000E+00, -1.347928E-07, -6.366880E-06, -2.092354E-02,  5.000000E-01
 1.040001E+01,   520,  3.114764E+00, -7.150952E-04, -3.114764E+00,  0.000000E+00,  0.000000E+00,  0.000000E+00, -4.598477E-08, -3.936331E-06, -1.707653E-02,  5.000000E-01
 1.060001E+01,   530,  3.116640E+00,  7.207172E-04, -3.116639E+00,  0.000000E+00,  0.000000E+00,  0.000000E+00, -4.191021E-08, -2.811062E-06,  1.209985E-02,  5.000000E-01
 1.080001E+01,   540,  3.118258E+00,  2.210431E-03, -3.118257E+00,  0.000000E+00,  0.000000E+00,  0.000000E+00, -1.175944E-07, -3.566030E-06,  4.977696E-03,  5.000000E-01
 1.100001E+01,   550,  3.119865E+00,  2.442926E-03, -3.119864E+00,  0.000000E+00,  0.000000E+00,  0.000000E+00, -2.102499E-07, -5.857634E-06,  7.392698E-03,  5.000000E-01
 1.120001E+01,   560,  3.121366E+00,  1.350490E-03, -3.121366E+00,  0.000000E+00,  0.000000E+00,  0.000000E+00, -2.316080E-07, -7.329450E-06,  1.676779E-02,  5.000000E-01
 1.140001E+01,   570,  3.122766E+00,  4.017485E-05, -3.122766E+00,  0.000000E+00,  0.000000E+00,  0.000000E+00, -1.774035E-07, -6.998208E-06,  5.393683E-01,  5.000000E-01
 1.160001E+01,   580,  3.124051E+00, -5.059976E-04, -3.124051E+00,  0.000000E+00,  0.000000E+00,  0.000000E+00, -1.009959E-07, -5.376511E-06, -3.300799E-02,  5.000000E-01
 1.180001E+01,   590,  3.125206E+00,  1.891726E-04, -3.125206E+00,  0.000000E+00,  0.000000E+00,  0.000000E+00, -6.362757E-08, -3.652355E-06,  6.004256E-02,  5.000000E-01
 1.200001E+01,   600,  3.126368E+00,  1.386728E-03, -3.126367E+00,  0.000000E+00,  0.000000E+00,  0.000000E+00, -1.052531E-07, -3.630750E-06,  8.116181E-03,  5.000000E-01
 1.220001E+01,   610,  3.127375E+00,  2.011175E-03, -3.127374E+00,  0.000000E+00,  0.000000E+00,  0.000000E+00, -1.677809E-07, -4.996070E-06,  7.684815E-03,  5.000000E-01
 1.240001E+01,   620,  3.128402E+00,  1.695605E-03, -3.128402E+00,  0.000000E+00,  0.000000E+00,  0.000000E+00, -2.086628E-07, -6.418506E-06,  1.172092E-02,  5.000000E-01
 1.260001E+01,   630,  3.129237E+00,  7.310790E-04, -3.129237E+00,  0.000000E+00,  0.000000E+00,  0.000000E+00, -1.930707E-07, -6.992631E-06,  2.966844E-02,  5.000000E-01
 1.280001E+01,   640,  3.130043E+00,  2.120443E-06, -3.130043E+00,  0.000000E+00,  0.000000E+00,  0.000000E+00, -1.372468E-07, -6.003740E-06,  8.803254E+00,  5.000000E-01
 1.300001E+01,   650,  3.130838E+00,  1.283726E-04, -3.130838E+00,  0.000000E+00,  0.000000E+00,  0.000000E+00, -9.712990E-08, -4.589062E-06,  1.111161E-01,  5.000000E-01
 1.320001E+01,   660,  3.131551E+00,  8.207731E-04, -3.131551E+00,  0.000000E+00,  0.000000E+00,  0.000000E+00, -1.035974E-07, -4.052924E-06,  1.533282E-02,  5.000000E-01
 1.340001E+01,   670,  3.132224E+00,  1.511991E-03, -3.132224E+00,  0.000000E+00,  0.000000E+00,  0.000000E+00, -1.439951E-07, -4.486321E-06,  9.196298E-03,  5.000000E-01
 1.360001E+01,   680,  3.132783E+00,  1.626712E-03, -3.132782E+00,  0.000000E+00,  0.000000E+00,  0.000000E+00, -1.843635E-07, -5.711344E-06,  1.089094E-02,  5.000000E-01
 1.380001E+01,   690,  3.133356E+00,  1.091466E-03, -3.133356E+00,  0.000000E+00,  0.000000E+00,  0.000000E+00, -1.875582E-07, -6.550446E-06,  1.863850E-02,  5.000000E-01
 1.400001E+01,   700,  3.133867E+00,  4.889884E-04, -3.133867E+00,  0.000000E+00,  0.000000E+00,  0.000000E+00, -1.553038E-07, -6.215098E-06,  3.952333E-02,  5.000000E-01
 1.420002E+01,   710,  3.134376E+00,  2.933329E-04, -3.134376E+00,  0.000000E+00,  0.000000E+00,  0.000000E+00, -1.249168E-07, -5.349545E-06,  5.672987E-02,  5.000000E-01
 1.440001E+01,   720,  3.134775E+00,  5.930937E-04, -3.134775E+00,  0.000000E+00,  0.000000E+00,  0.000000E+00, -1.122273E-07, -4.566761E-06,  2.394047E-02,  5.000000E-01
 1.460001E+01,   730,  3.135189E+00,  1.132865E-03, -3.135189E+00,  0.000000E+00,  0.000000E+00,  0.000000E+00, -1.333460E-07, -4.484085E-06,  1.228935E-02,  5.000000E-01
 1.480002E+01,   740,  3.135567E+00,  1.403731E-03, -3.135567E+00,  0.000000E+00,  0.000000E+00,  0.000000E+00, -1.662924E-07, -5.279749E-06,  1.167431E-02,  5.000000E-01
 1.500002E+01,   750,  3.135926E+00,  1.223509E-03, -3.135925E+00,  0.000000E+00,  0.000000E+00,  0.000000E+00, -1.787664E-07, -6.040411E-06,  1.533594E-02,  5.000000E-01
 1.520002E+01,   760,  3.136245E+00,  8.123376E-04, -3.136244E+00,  0.000000E+00,  0.000000E+00,  0.000000E+00, -1.664419E-07, -6.215398E-06,  2.379586E-02,  5.000000E-01
 1.540002E+01,   770,  3.136509E+00,  5.043221E-04, -3.136509E+00,  0.000000E+00,  0.000000E+00,  0.000000E+00, -1.378003E-07, -5.742047E-06,  3.543313E-02,  5.000000E-01
 1.560002E+01,   780,  3.136796E+00,  5.642275E-04, -3.136796E+00,  0.000000E+00,  0.000000E+00,  0.000000E+00, -1.217244E-07, -5.009734E-06,  2.763586E-02,  5.000000E-01
 1.580002E+01,   790,  3.137058E+00,  8.874824E-04, -3.137058E+00,  0.000000E+00,  0.000000E+00,  0.000000E+00, -1.320034E-07, -4.710574E-06,  1.650080E-02,  5.000000E-01
 1.600002E+01,   800,  3.137311E+00,  1.175493E-03, -3.137311E+00,  0.000000E+00,  0.000000E+00,  0.000000E+00, -1.522020E-07, -4.984944E-06,  1.317523E-02,  5.000000E-01
 1.620002E+01,   810,  3.137500E+00,  1.225709E-03, -3.137500E+00,  0.000000E+00,  0.000000E+00,  0.000000E+00, -1.694737E-07, -5.577806E-06,  1.414257E-02,  5.000000E-01
 1.640002E+01,   820,  3.137696E+00,  9.925567E-04, -3.137696E+00,  0.000000E+00,  0.000000E+00,  0.000000E+00, -1.689241E-07, -6.049667E-06,  1.895944E-02,  5.000000E-01
 1.660002E+01,   830,  3.137894E+00,  7.044132E-04, -3.137894E+00,  0.000000E+00,  0.000000E+00,  0.000000E+00, -1.498373E-07, -5.918503E-06,  2.614802E-02,  5.000000E-01
 1.680002E+01,   840,  3.138052E+00,  6.165765E-04, -3.138052E+00,  0.000000E+00,  0.000000E+00,  0.000000E+00, -1.339303E-07, -5.389538E-06,  2.721893E-02,  5.000000E-01
 1.700002E+01,   850,  3.138244E+00,  7.536506E-04, -3.138244E+00,  0.000000E+00,  0.000000E+00,  0.000000E+00, -1.300512E-07, -4.978038E-06,  2.055820E-02,  5.000000E-01
 1.720002E+01,   860,  3.138371E+00,  9.878193E-04, -3.138371E+00,  0.000000E+00,  0.000000E+00,  0.000000E+00, -1.420630E-07, -4.924394E-06,  1.549692E-02,  5.000000E-01
 1.740002E+01,   870,  3.138504E+00,  1.133414E-03, -3.138504E+00,  0.000000E+00,  0.000000E+00,  0.000000E+00, -1.595193E-07, -5.254199E-06,  1.440900E-02,  5.000000E-01
 1.760002E+01,   880,  3.138645E+00,  1.072687E-03, -3.138645E+00,  0.000000E+00,  0.000000E+00,  0.000000E+00, -1.678957E-07, -5.736466E-06,  1.662715E-02,  5.000000E-01
 1.780002E+01,   890,  3.138759E+00,  8.742429E-04, -3.138758E+00,  0.000000E+00,  0.000000E+00,  0.000000E+00, -1.588819E-07, -5.926378E-06,  2.109219E-02,  5.000000E-01
 1.800002E+01,   900,  3.138883E+00,  7.094462E-04, -3.138883E+00,  0.000000E+00,  0.000000E+00,  0.000000E+00, -1.442960E-07, -5.699160E-06,  2.501104E-02,  5.000000E-01
 1.820002E+01,   910,  3.138967E+00,  7.016200E-04, -3.138967E+00,  0.000000E+00,  0.000000E+00,  0.000000E+00, -1.343043E-07, -5.269901E-06,  2.337735E-02,  5.000000E-01
 1.840002E+01,   920,  3.139065E+00,  8.503177E-04, -3.139065E+00,  0.000000E+00,  0.000000E+00,  0.000000E+00, -1.367363E-07, -4.991798E-06,  1.826598E-02,  5.000000E-01
 1.860002E+01,   930,  3.139166E+00,  1.017878E-03, -3.139166E+00,  0.000000E+00,  0.000000E+00,  0.000000E+00, -1.495464E-07, -5.082942E-06,  1.552645E-02,  5.000000E-01
 1.880002E+01,   940,  3.139246E+00,  1.072651E-03, -3.139246E+00,  0.000000E+00,  0.000000E+00,  0.000000E+00, -1.609547E-07, -5.419912E-06,  1.570624E-02,  5.000000E-01
 1.900002E+01,   950,  3.139344E+00,  1.002106E-03, -3.139343E+00,  0.000000E+00,  0.000000E+00,  0.000000E+00, -1.623049E-07, -5.705336E-06,  1.770585E-02,  5.000000E-01
 1.920002E+01,   960,  3.139403E+00,  8.656446E-04, -3.139403E+00,  0.000000E+00,  0.000000E+00,  0.000000E+00, -1.548840E-07, -5.785372E-06,  2.079633E-02,  5.000000E-01
 1.940002E+01,   970,  3.139455E+00,  7.678897E-04, -3.139455E+00,  0.000000E+00,  0.000000E+00,  0.000000E+00, -1.445745E-07, -5.596374E-06,  2.269268E-02,  5.000000E-01
 1.960002E+01,   980,  3.139526E+00,  7.881714E-04, -3.139526E+00,  0.000000E+00,  0.000000E+00,  0.000000E+00, -1.359153E-07, -5.248275E-06,  2.072829E-02,  5.000000E-01
 1.980002E+01,   990,  3.139591E+00,  9.077254E-04, -3.139590E+00,  0.000000E+00,  0.000000E+00,  0.000000E+00, -1.440482E-07, -5.069127E-06,  1.737694E-02,  5.000000E-01
 2.000002E+01,  1000,  3.139647E+00,  1.009125E-03, -3.139647E+00,  0.000000E+00,  0.000000E+00,  0.000000E+00, -1.533648E-07, -5.188900E-06,  1.599005E-02,  5.000000E-01
 2.020002E+01,  1010,  3.139702E+00,  1.029718E-03, -3.139701E+00,  0.000000E+00,  0.000000E+00,  0.000000E+00, -1.626794E-07, -5.467047E-06,  1.651062E-02,  5.000000E-01
 2.040002E+01,  1020,  3.139742E+00,  9.565659E-04, -3.139742E+00,  0.000000E+00,  0.000000E+00,  0.000000E+00, -1.605096E-07, -5.717388E-06,  1.859442E-02,  5.000000E-01
 2.060002E+01,  1030,  3.139786E+00,  8.389300E-04, -3.139785E+00,  0.000000E+00,  0.000000E+00,  0.000000E+00, -1.512513E-07, -5.751377E-06,  2.134946E-02,  5.000000E-01
 2.080002E+01,  1040,  3.139839E+00,  7.718548E-04, -3.139838E+00,  0.000000E+00,  0.000000E+00,  0.000000E+00, -1.410174E-07, -5.527125E-06,  2.229882E-02,  5.000000E-01
 2.100002E+01,  1050,  3.139872E+00,  8.085507E-04, -3.139872E+00,  0.000000E+00,  0.000000E+00,  0.000000E+00, -1.361809E-07, -5.253441E-06,  2.022665E-02,  5.000000E-01
 2.120002E+01,  1060,  3.139908E+00,  8.977710E-04, -3.139907E+00,  0.000000E+00,  0.000000E+00,  0.000000E+00, -1.422623E-07, -5.101899E-06,  1.768219E-02,  5.000000E-01
 2.140002E+01,  1070,  3.139956E+00,  9.902668E-04, -3.139956E+00,  0.000000E+00,  0.000000E+00,  0.000000E+00, -1.484732E-07, -5.184028E-06,  1.628524E-02,  5.000000E-01
 2.160002E+01,  1080,  3.139990E+00,  1.022762E-03, -3.139989E+00,  0.000000E+00,  0.000000E+00,  0.000000E+00, -1.601116E-07, -5.426969E-06,  1.650464E-02,  5.000000E-01
 2.180002E+01,  1090,  3.140013E+00,  9.716905E-04, -3.140013E+00,  0.000000E+00,  0.000000E+00,  0.000000E+00, -1.615984E-07, -5.653942E-06,  1.809688E-02,  5.000000E-01
 2.200002E+01,  1100,  3.140044E+00,  8.826511E-04, -3.140044E+00,  0.000000E+00,  0.000000E+00,  0.000000E+00, -1.549556E-07, -5.710323E-06,  2.013905E-02,  5.000000E-01
 2.220002E+01,  1110,  3.140077E+00,  8.238902E-04, -3.140077E+00,  0.000000E+00,  0.000000E+00,  0.000000E+00, -1.444778E-07, -5.530015E-06,  2.089098E-02,  5.000000E-01
 2.240002E+01,  1120,  3.140104E+00,  8.379681E-04, -3.140104E+00,  0.000000E+00,  0.000000E+00,  0.000000E+00, -1.418225E-07, -5.308873E-06,  1.972120E-02,  5.000000E-01
 2.260002E+01,  1130,  3.140130E+00,  9.008209E-04, -3.140129E+00,  0.000000E+00,  0.000000E+00,  0.000000E+00, -1.440267E-07, -5.162636E-06,  1.782933E-02,  5.000000E-01
 2.280002E+01,  1140,  3.140153E+00,  9.763218E-04, -3.140153E+00,  0.000000E+00,  0.000000E+00,  0.000000E+00, -1.516574E-07, -5.184924E-06,  1.652353E-02,  5.000000E-01
 2.300002E+01,  1150,  3.140171E+00,  1.011431E-03, -3.140171E+00,  0.000000E+00,  0.000000E+00,  0.000000E+00, -1.605415E-07, -5.388817E-06,  1.657164E-02,  5.000000E-01
 2.320002E+01,  1160,  3.140188E+00,  9.710169E-04, -3.140187E+00,  0.000000E+00,  0.000000E+00,  0.000000E+00, -1.624269E-07, -5.616800E-06,  1.799134E-02,  5.000000E-01
 2.340002E+01,  1170,  3.140221E+00,  8.857655E-04, -3.140221E+00,  0.000000E+00,  0.000000E+00,  0.000000E+00, -1.569194E-07, -5.738350E-06,  2.015765E-02,  5.000000E-01
 2.360003E+01,  1180,  3.140238E+00,  8.099142E-04, -3.140238E+00,  0.000000E+00,  0.000000E+00,  0.000000E+00, -1.479499E-07, -5.638003E-06,  2.167474E-02,  5.000000E-01
 2.380003E+01,  1190,  3.140251E+00,  7.975061E-04, -3.140251E+00,  0.000000E+00,  0.000000E+00,  0.000000E+00, -1.404882E-07, -5.421450E-06,  2.116505E-02,  5.000000E-01
 2.400002E+01,  1200,  3.140267E+00,  8.454869E-04, -3.140267E+00,  0.000000E+00,  0.000000E+00,  0.000000E+00, -1.403888E-07, -5.195145E-06,  1.913413E-02,  5.000000E-01
 2.420003E+01,  1210,  3.140284E+00,  9.288143E-04, -3.140283E+00,  0.000000E+00,  0.000000E+00,  0.000000E+00, -1.440488E-07, -5.100653E-06,  1.708362E-02,  5.000000E-01
 2.440003E+01,  1220,  3.140294E+00,  1.002670E-03, -3.140294E+00,  0.000000E+00,  0.000000E+00,  0.000000E+00, -1.551868E-07, -5.186403E-06,  1.608365E-02,  5.000000E-01
 2.460003E+01,  1230,  3.140305E+00,  1.017108E-03, -3.140305E+00,  0.000000E+00,  0.000000E+00,  0.000000E+00, -1.632321E-07, -5.410992E-06,  1.654132E-02,  5.000000E-01
 2.480003E+01,  1240,  3.140317E+00,  9.629487E-04, -3.140317E+00,  0.000000E+00,  0.000000E+00,  0.000000E+00, -1.651126E-07, -5.658068E-06,  1.828065E-02,  5.000000E-01
 2.500003E+01,  1250,  3.140342E+00,  8.724426E-04, -3.140342E+00,  0.000000E+00,  0.000000E+00,  0.000000E+00, -1.576049E-07, -5.757210E-06,  2.054519E-02,  5.000000E-01
 2.520003E+01,  1260,  3.140344E+00,  8.094698E-04, -3.140344E+00,  0.000000E+00,  0.000000E+00,  0.000000E+00, -1.481726E-07, -5.657160E-06,  2.176324E-02,  5.000000E-01
 2.540003E+01,  1270,  3.140344E+00,  8.012821E-04, -3.140344E+00,  0.000000E+00,  0.000000E+00,  0.000000E+00, -1.416986E-07, -5.430879E-06,  2.110775E-02,  5.000000E-01
 2.560003E+01,  1280,  3.140358E+00,  8.477999E-04, -3.140358E+00,  0.000000E+00,  0.000000E+00,  0.000000E+00, -1.383169E-07, -5.184701E-06,  1.904598E-02,  5.000000E-01
 2.580003E+01,  1290,  3.140374E+00,  9.308393E-04, -3.140374E+00,  0.000000E+00,  0.000000E+00,  0.000000E+00, -1.457511E-07, -5.062423E-06,  1.692355E-02,  5.000000E-01
 2.600003E+01,  1300,  3.140382E+00,  1.003563E-03, -3.140382E+00,  0.000000E+00,  0.000000E+00,  0.000000E+00, -1.556004E-07, -5.120313E-06,  1.586428E-02,  5.000000E-01
 2.620003E+01,  1310,  3.140376E+00,  1.024781E-03, -3.140376E+00,  0.000000E+00,  0.000000E+00,  0.000000E+00, -1.647331E-07, -5.333756E-06,  1.618544E-02,  5.000000E-01
 2.640003E+01,  1320,  3.140382E+00,  9.802247E-04, -3.140382E+00,  0.000000E+00,  0.000000E+00,  0.000000E+00, -1.682072E-07, -5.610323E-06,  1.780486E-02,  5.000000E-01
 2.660003E+01,  1330,  3.140397E+00,  8.925148E-04, -3.140397E+00,  0.000000E+00,  0.000000E+00,  0.000000E+00, -1.629892E-07, -5.803326E-06,  2.023458E-02,  5.000000E-01
 2.680003E+01,  1340,  3.140412E+00,  8.089257E-04, -3.140412E+00,  0.000000E+00,  0.000000E+00,  0.000000E+00, -1.525430E-07, -5.768553E-06,  2.220681E-02,  5.000000E-01
 2.700003E+01,  1350,  3.140407E+00,  7.778446E-04, -3.140407E+00,  0.000000E+00,  0.000000E+00,  0.000000E+00, -1.391937E-07, -5.571110E-06,  2.231624E-02,  5.000000E-01
 2.720003E+01,  1360,  3.140404E+00,  8.064422E-04, -3.140404E+00,  0.000000E+00,  0.000000E+00,  0.000000E+00, -1.345598E-07, -5.305805E-06,  2.049716E-02,  5.000000E-01
 2.740003E+01,  1370,  3.140414E+00,  8.746367E-04, -3.140414E+00,  0.000000E+00,  0.000000E+00,  0.000000E+00, -1.366841E-07, -5.050557E-06,  1.797695E-02,  5.000000E-01
 2.760003E+01,  1380,  3.140424E+00,  9.660787E-04, -3.140424E+00,  0.000000E+00,  0.000000E+00,  0.000000E+00, -1.465044E-07, -4.958523E-06,  1.597166E-02,  5.000000E-01
 2.780003E+01,  1390,  3.140421E+00,  1.032407E-03, -3.140421E+00,  0.000000E+00,  0.000000E+00,  0.000000E+00, -1.595621E-07, -5.059734E-06,  1.523879E-02,  5.000000E-01
 2.800003E+01,  1400,  3.140426E+00,  1.043989E-03, -3.140426E+00,  0.000000E+00,  0.000000E+00,  0.000000E+00, -1.713782E-07, -5.336433E-06,  1.589276E-02,  5.000000E-01
 2.820003E+01,  1410,  3.140427E+00,  9.886475E-04, -3.140426E+00,  0.000000E+00,  0.000000E+00,  0.000000E+00, -1.738581E-07, -5.660906E-06,  1.779997E-02,  5.000000E-01
 2.840003E+01,  1420,  3.140431E+00,  8.951136E-04, -3.140431E+00,  0.000000E+00,  0.000000E+00,  0.000000E+00, -1.684847E-07, -5.896658E-06,  2.050141E-02,  5.000000E-01
 2.860003E+01,  1430,  3.140444E+00,  7.996333E-04, -3.140444E+00,  0.000000E+00,  0.000000E+00,  0.000000E+00, -1.525281E-07, -5.894783E-06,  2.294953E-02,  5.000000E-01
 2.880003E+01,  1440,  3.140447E+00,  7.532476E-04, -3.140447E+00,  0.000000E+00,  0.000000E+00,  0.000000E+00, -1.387913E-07, -5.665367E-06,  2.343314E-02,  5.000000E-01
 2.900003E+01,  1450,  3.140443E+00,  7.770135E-04, -3.140443E+00,  0.000000E+00,  0.000000E+00,  0.000000E+00, -1.320830E-07, -5.360523E-06,  2.149525E-02,  5.000000E-01
 2.920003E+01,  1460,  3.140443E+00,  8.418647E-04, -3.140443E+00,  0.000000E+00,  0.000000E+00,  0.000000E+00, -1.308964E-07, -5.047217E-06,  1.867835E-02,  5.000000E-01
 2.940003E+01,  1470,  3.140448E+00,  9.331453E-04, -3.140447E+00,  0.000000E+00,  0.000000E+00,  0.000000E+00, -1.381507E-07, -4.855081E-06,  1.619218E-02,  5.000000E-01
 2.960003E+01,  1480,  3.140448E+00,  1.025536E-03, -3.140448E+00,  0.000000E+00,  0.000000E+00,  0.000000E+00, -1.517900E-07, -4.854223E-06,  1.471447E-02,  5.000000E-01
 2.980003E+01,  1490,  3.140448E+00,  1.074768E-03, -3.140448E+00,  0.000000E+00,  0.000000E+00,  0.000000E+00, -1.663722E-07, -5.048161E-06,  1.460058E-02,  5.000000E-01
 3.000003E+01,  1500,  3.140452E+00,  1.066771E-03, -3.140451E+00,  0.000000E+00,  0.000000E+00,  0.000000E+00, -1.760979E-07, -5.386235E-06,  1.568494E-02,  5.000000E-01
 3.020003E+01,  1510,  3.140453E+00,  9.985294E-04, -3.140453E+00,  0.000000E+00,  0.000000E+00,  0.000000E+00, -1.805979E-07, -5.753153E-06,  1.791551E-02,  5.000000E-01
 3.040003E+01,  1520,  3.140457E+00,  8.953460E-04, -3.140456E+00,  0.000000E+00,  0.000000E+00,  0.000000E+00, -1.751623E-07, -6.024674E-06,  2.094141E-02,  5.000000E-01
 3.060003E+01,  1530,  3.140461E+00,  7.878403E-04, -3.140461E+00,  0.000000E+00,  0.000000E+00,  0.000000E+00, -1.570976E-07, -6.064131E-06,  2.397355E-02,  5.000000E-01
 3.080003E+01,  1540,  3.140468E+00,  7.188254E-04, -3.140468E+00,  0.000000E+00,  0.000000E+00,  0.000000E+00, -1.374788E-07, -5.843429E-06,  2.533211E-02,  5.000000E-01
 3.100003E+01,  1550,  3.140465E+00,  7.261448E-04, -3.140465E+00,  0.000000E+00,  0.000000E+00,  0.000000E+00, -1.265973E-07, -5.466782E-06,  2.346036E-02,  5.000000E-01
 3.120004E+01,  1560,  3.140466E+00,  7.998826E-04, -3.140466E+00,  0.000000E+00,  0.000000E+00,  0.000000E+00, -1.223822E-07, -5.030767E-06,  1.960970E-02,  5.000000E-01
 3.140004E+01,  1570,  3.140463E+00,  9.187621E-04, -3.140463E+00,  0.000000E+00,  0.000000E+00,  0.000000E+00, -1.276732E-07, -4.717637E-06,  1.598819E-02,  5.000000E-01
 3.160004E+01,  1580,  3.140462E+00,  1.040231E-03, -3.140462E+00,  0.000000E+00,  0.000000E+00,  0.000000E+00, -1.472414E-07, -4.650297E-06,  1.389843E-02,  5.000000E-01
 3.180003E+01,  1590,  3.140462E+00,  1.119200E-03, -3.140461E+00,  0.000000E+00,  0.000000E+00,  0.000000E+00, -1.683659E-07, -4.909054E-06,  1.362599E-02,  5.000000E-01
 3.200003E+01,  1600,  3.140465E+00,  1.116379E-03, -3.140465E+00,  0.000000E+00,  0.000000E+00,  0.000000E+00, -1.825861E-07, -5.300700E-06,  1.475337E-02,  5.000000E-01
 3.220004E+01,  1610,  3.140471E+00,  1.057341E-03, -3.140471E+00,  0.000000E+00,  0.000000E+00,  0.000000E+00, -1.880674E-07, -5.715332E-06,  1.679589E-02,  5.000000E-01
 3.240004E+01,  1620,  3.140476E+00,  9.594235E-04, -3.140476E+00,  0.000000E+00,  0.000000E+00,  0.000000E+00, -1.852836E-07, -6.046759E-06,  1.960075E-02,  5.000000E-01
 3.260004E+01,  1630,  3.140477E+00,  8.520198E-04, -3.140477E+00,  0.000000E+00,  0.000000E+00,  0.000000E+00, -1.742025E-07, -6.258962E-06,  2.285756E-02,  5.000000E-01
 3.280004E+01,  1640,  3.140476E+00,  7.458900E-04, -3.140476E+00,  0.000000E+00,  0.000000E+00,  0.000000E+00, -1.552161E-07, -6.221010E-06,  2.598664E-02,  5.000000E-01
 3.300004E+01,  1650,  3.140478E+00,  6.797205E-04, -3.140478E+00,  0.000000E+00,  0.000000E+00,  0.000000E+00, -1.362793E-07, -5.964004E-06,  2.735965E-02,  5.000000E-01
 3.320004E+01,  1660,  3.140482E+00,  6.780202E-04, -3.140482E+00,  0.000000E+00,  0.000000E+00,  0.000000E+00, -1.223652E-07, -5.598292E-06,  2.574409E-02,  5.000000E-01
 3.340004E+01,  1670,  3.140485E+00,  7.374178E-04, -3.140485E+00,  0.000000E+00,  0.000000E+00,  0.000000E+00, -1.130143E-07, -5.142465E-06,  2.174481E-02,  5.000000E-01
 3.360004E+01,  1680,  3.140481E+00,  8.412676E-04, -3.140481E+00,  0.000000E+00,  0.000000E+00,  0.000000E+00, -1.143556E-07, -4.716102E-06,  1.747786E-02,  5.000000E-01
 3.380004E+01,  1690,  3.140478E+00,  9.698495E-04, -3.140478E+00,  0.000000E+00,  0.000000E+00,  0.000000E+00, -1.268357E-07, -4.467748E-06,  1.433882E-02,  5.000000E-01
 3.400004E+01,  1700,  3.140473E+00,  1.093196E-03, -3.140473E+00,  0.000000E+00,  0.000000E+00,  0.000000E+00, -1.474377E-07, -4.482565E-06,  1.273957E-02,  5.000000E-01
 3.420004E+01,  1710,  3.140475E+00,  1.168033E-03, -3.140475E+00,  0.000000E+00,  0.000000E+00,  0.000000E+00, -1.714728E-07, -4.751275E-06,  1.262381E-02,  5.000000E-01
 3.440004E+01,  1720,  3.140479E+00,  1.170404E-03, -3.140479E+00,  0.000000E+00,  0.000000E+00,  0.000000E+00, -1.900075E-07, -5.199206E-06,  1.378905E-02,  5.000000E-01
 3.460004E+01,  1730,  3.140482E+00,  1.103461E-03, -3.140481E+00,  0.000000E+00,  0.000000E+00,  0.000000E+00, -2.020497E-07, -5.743361E-06,  1.616194E-02,  5.000000E-01
 3.480004E+01,  1740,  3.140484E+00,  9.771480E-04, -3.140484E+00,  0.000000E+00,  0.000000E+00,  0.000000E+00, -1.966874E-07, -6.221981E-06,  1.980122E-02,  5.000000E-01
 3.500004E+01,  1750,  3.140487E+00,  8.298494E-04, -3.140487E+00,  0.000000E+00,  0.000000E+00,  0.000000E+00, -1.828035E-07, -6.509856E-06,  2.440801E-02,  5.000000E-01
 3.520004E+01,  1760,  3.140488E+00,  6.944472E-04, -3.140487E+00,  0.000000E+00,  0.000000E+00,  0.000000E+00, -1.565726E-07, -6.485178E-06,  2.909098E-02,  5.000000E-01
 3.540004E+01,  1770,  3.140489E+00,  6.139944E-04, -3.140489E+00,  0.000000E+00,  0.000000E+00,  0.000000E+00, -1.283033E-07, -6.152117E-06,  3.124995E-02,  5.000000E-01
 3.560004E+01,  1780,  3.140492E+00,  6.167544E-04, -3.140492E+00,  0.000000E+00,  0.000000E+00,  0.000000E+00, -1.094363E-07, -5.624347E-06,  2.847026E-02,  5.000000E-01
 3.580004E+01,  1790,  3.140491E+00,  6.995403E-04, -3.140491E+00,  0.000000E+00,  0.000000E+00,  0.000000E+00, -9.931027E-08, -5.003985E-06,  2.232544E-02,  5.000000E-01
 3.600004E+01,  1800,  3.140488E+00,  8.442007E-04, -3.140488E+00,  0.000000E+00,  0.000000E+00,  0.000000E+00, -1.040768E-07, -4.472839E-06,  1.651270E-02,  5.000000E-01
 3.620004E+01,  1810,  3.140488E+00,  1.009047E-03, -3.140488E+00,  0.000000E+00,  0.000000E+00,  0.000000E+00, -1.203936E-07, -4.175509E-06,  1.287592E-02,  5.000000E-01
 3.640004E+01,  1820,  3.140488E+00,  1.158475E-03, -3.140488E+00,  0.000000E+00,  0.000000E+00,  0.000000E+00, -1.515818E-07, -4.243759E-06,  1.136893E-02,  5.000000E-01
 3.660004E+01,  1830,  3.140489E+00,  1.236022E-03, -3.140489E+00,  0.000000E+00,  0.000000E+00,  0.000000E+00, -1.820246E-07, -4.620427E-06,  1.159649E-02,  5.000000E-01
 3.680004E+01,  1840,  3.140486E+00,  1.228335E-03, -3.140486E+00,  0.000000E+00,  0.000000E+00,  0.000000E+00, -2.028679E-07, -5.246449E-06,  1.324590E-02,  5.000000E-01
 3.700004E+01,  1850,  3.140486E+00,  1.127314E-03, -3.140486E+00,  0.000000E+00,  0.000000E+00,  0.000000E+00, -2.117856E-07, -5.920655E-06,  1.630328E-02,  5.000000E-01
 3.720004E+01,  1860,  3.140493E+00,  9.645119E-04, -3.140492E+00,  0.000000E+00,  0.000000E+00,  0.000000E+00, -2.063031E-07, -6.490022E-06,  2.091630E-02,  5.000000E-01
 3.740004E+01,  1870,  3.140498E+00,  7.693013E-04, -3.140498E+00,  0.000000E+00,  0.000000E+00,  0.000000E+00, -1.816895E-07, -6.804912E-06,  2.753887E-02,  5.000000E-01
 3.760004E+01,  1880,  3.140505E+00,  5.902143E-04, -3.140505E+00,  0.000000E+00,  0.000000E+00,  0.000000E+00, -1.405097E-07, -6.556778E-06,  3.464764E-02,  5.000000E-01
 3.780004E+01,  1890,  3.140504E+00,  5.458315E-04, -3.140504E+00,  0.000000E+00,  0.000000E+00,  0.000000E+00, -1.097511E-07, -5.860385E-06,  3.351900E-02,  5.000000E-01
 3.800004E+01,  1900,  3.140501E+00,  6.552805E-04, -3.140501E+00,  0.000000E+00,  0.000000E+00,  0.000000E+00, -8.986649E-08, -4.947676E-06,  2.358164E-02,  5.000000E-01
 3.820004E+01,  1910,  3.140496E+00,  8.690134E-04, -3.140496E+00,  0.000000E+00,  0.000000E+00,  0.000000E+00, -9.816860E-08, -4.181693E-06,  1.500180E-02,  5.000000E-01
 3.840004E+01,  1920,  3.140492E+00,  1.103465E-03, -3.140492E+00,  0.000000E+00,  0.000000E+00,  0.000000E+00, -1.324188E-07, -3.913317E-06,  1.101972E-02,  5.000000E-01
 3.860004E+01,  1930,  3.140491E+00,  1.273564E-03, -3.140491E+00,  0.000000E+00,  0.000000E+00,  0.000000E+00, -1.754399E-07, -4.292783E-06,  1.044649E-02,  5.000000E-01
 3.880005E+01,  1940,  3.140490E+00,  1.294016E-03, -3.140490E+00,  0.000000E+00,  0.000000E+00,  0.000000E+00, -2.055064E-07, -5.082797E-06,  1.217660E-02,  5.000000E-01
 3.900004E+01,  1950,  3.140495E+00,  1.167511E-03, -3.140495E+00,  0.000000E+00,  0.000000E+00,  0.000000E+00, -2.199968E-07, -6.029269E-06,  1.602861E-02,  5.000000E-01
 3.920004E+01,  1960,  3.140503E+00,  9.417243E-04, -3.140502E+00,  0.000000E+00,  0.000000E+00,  0.000000E+00, -2.065721E-07, -6.743373E-06,  2.226545E-02,  5.000000E-01
 3.940004E+01,  1970,  3.140509E+00,  6.995402E-04, -3.140509E+00,  0.000000E+00,  0.000000E+00,  0.000000E+00, -1.714480E-07, -6.933585E-06,  3.087925E-02,  5.000000E-01
 3.960004E+01,  1980,  3.140511E+00,  5.365260E-04, -3.140511E+00,  0.000000E+00,  0.000000E+00,  0.000000E+00, -1.284460E-07, -6.521495E-06,  3.792021E-02,  5.000000E-01
 3.980005E+01,  1990,  3.140511E+00,  5.174166E-04, -3.140511E+00,  0.000000E+00,  0.000000E+00,  0.000000E+00, -9.675691E-08, -5.687254E-06,  3.431993E-02,  5.000000E-01
 4.000005E+01,  2000,  3.140511E+00,  6.461152E-04, -3.140511E+00,  0.000000E+00,  0.000000E+00,  0.000000E+00, -8.671708E-08, -4.741539E-06,  2.292171E-02,  5.000000E-01
 4.020005E+01,  2010,  3.140507E+00,  8.739039E-04, -3.140507E+00,  0.000000E+00,  0.000000E+00,  0.000000E+00, -1.002422E-07, -4.041936E-06,  1.441229E-02,  5.000000E-01
 4.040005E+01,  2020,  3.140492E+00,  1.117944E-03, -3.140491E+00,  0.000000E+00,  0.000000E+00,  0.000000E+00, -1.347115E-07, -3.863175E-06,  1.073093E-02,  5.000000E-01
 4.060004E+01,  2030,  3.140486E+00,  1.286124E-03, -3.140486E+00,  0.000000E+00,  0.000000E+00,  0.000000E+00, -1.773872E-07, -4.285935E-06,  1.032502E-02,  5.000000E-01
 4.080005E+01,  2040,  3.140494E+00,  1.307445E-03, -3.140494E+00,  0.000000E+00,  0.000000E+00,  0.000000E+00, -2.097120E-07, -5.115404E-06,  1.213043E-02,  5.000000E-01
 4.100005E+01,  2050,  3.140503E+00,  1.178885E-03, -3.140503E+00,  0.000000E+00,  0.000000E+00,  0.000000E+00, -2.209884E-07, -6.074285E-06,  1.599840E-02,  5.000000E-01
 4.120005E+01,  2060,  3.140509E+00,  9.482050E-04, -3.140509E+00,  0.000000E+00,  0.000000E+00,  0.000000E+00, -2.089872E-07, -6.797019E-06,  2.228862E-02,  5.000000E-01
 4.140005E+01,  2070,  3.140513E+00,  6.934436E-04, -3.140513E+00,  0.000000E+00,  0.000000E+00,  0.000000E+00, -1.726639E-07, -6.996764E-06,  3.143436E-02,  5.000000E-01
 4.160005E+01,  2080,  3.140520E+00,  5.142527E-04, -3.140520E+00,  0.000000E+00,  0.000000E+00,  0.000000E+00, -1.301814E-07, -6.582272E-06,  3.994374E-02,  5.000000E-01
 4.180005E+01,  2090,  3.140521E+00,  4.844316E-04, -3.140521E+00,  0.000000E+00,  0.000000E+00,  0.000000E+00, -9.509874E-08, -5.723289E-06,  3.690429E-02,  5.000000E-01
 4.200005E+01,  2100,  3.140512E+00,  6.201882E-04, -3.140512E+00,  0.000000E+00,  0.000000E+00,  0.000000E+00, -8.346843E-08, -4.715137E-06,  2.375304E-02,  5.000000E-01
 4.220005E+01,  2110,  3.140502E+00,  8.781762E-04, -3.140501E+00,  0.000000E+00,  0.000000E+00,  0.000000E+00, -9.663747E-08, -3.921799E-06,  1.392111E-02,  5.000000E-01
 4.240005E+01,  2120,  3.140495E+00,  1.191088E-03, -3.140495E+00,  0.000000E+00,  0.000000E+00,  0.000000E+00, -1.419196E-07, -3.776631E-06,  9.840559E-03,  5.000000E-01
 4.260005E+01,  2130,  3.140494E+00,  1.362788E-03, -3.140494E+00,  0.000000E+00,  0.000000E+00,  0.000000E+00, -1.902709E-07, -4.476678E-06,  1.017513E-02,  5.000000E-01
 4.280005E+01,  2140,  3.140499E+00,  1.295186E-03, -3.140499E+00,  0.000000E+00,  0.000000E+00,  0.000000E+00, -2.209896E-07, -5.664739E-06,  1.356142E-02,  5.000000E-01
 4.300005E+01,  2150,  3.140511E+00,  1.036563E-03, -3.140510E+00,  0.000000E+00,  0.000000E+00,  0.000000E+00, -2.207909E-07, -6.750613E-06,  2.024356E-02,  5.000000E-01
 4.320005E+01,  2160,  3.140522E+00,  7.108795E-04, -3.140522E+00,  0.000000E+00,  0.000000E+00,  0.000000E+00, -1.791577E-07, -7.137894E-06,  3.127440E-02,  5.000000E-01
 4.340005E+01,  2170,  3.140526E+00,  4.769683E-04, -3.140526E+00,  0.000000E+00,  0.000000E+00,  0.000000E+00, -1.275314E-07, -6.636329E-06,  4.342288E-02,  5.000000E-01
 4.360005E+01,  2180,  3.140523E+00,  4.589814E-04, -3.140523E+00,  0.000000E+00,  0.000000E+00,  0.000000E+00, -9.040763E-08, -5.548958E-06,  3.776788E-02,  5.000000E-01
 4.380005E+01,  2190,  3.140514E+00,  6.537801E-04, -3.140514E+00,  0.000000E+00,  0.000000E+00,  0.000000E+00, -8.459138E-08, -4.385505E-06,  2.095022E-02,  5.000000E-01
 4.400005E+01,  2200,  3.140500E+00,  9.658086E-04, -3.140500E+00,  0.000000E+00,  0.000000E+00,  0.000000E+00, -1.092473E-07, -3.727203E-06,  1.200176E-02,  5.000000E-01
 4.420005E+01,  2210,  3.140497E+00,  1.252482E-03, -3.140496E+00,  0.000000E+00,  0.000000E+00,  0.000000E+00, -1.597242E-07, -3.907459E-06,  9.671963E-03,  5.000000E-01
 4.440005E+01,  2220,  3.140502E+00,  1.369843E-03, -3.140501E+00,  0.000000E+00,  0.000000E+00,  0.000000E+00, -2.031215E-07, -4.770955E-06,  1.079095E-02,  5.000000E-01
 4.460005E+01,  2230,  3.140512E+00,  1.266206E-03, -3.140512E+00,  0.000000E+00,  0.000000E+00,  0.000000E+00, -2.229832E-07, -5.924005E-06,  1.451887E-02,  5.000000E-01
 4.480005E+01,  2240,  3.140524E+00,  1.000323E-03, -3.140524E+00,  0.000000E+00,  0.000000E+00,  0.000000E+00, -2.108418E-07, -6.828474E-06,  2.122654E-02,  5.000000E-01
 4.500005E+01,  2250,  3.140529E+00,  6.887291E-04, -3.140529E+00,  0.000000E+00,  0.000000E+00,  0.000000E+00, -1.702282E-07, -7.047843E-06,  3.189066E-02,  5.000000E-01
 4.520005E+01,  2260,  3.140529E+00,  4.816657E-04, -3.140529E+00,  0.000000E+00,  0.000000E+00,  0.000000E+00, -1.255865E-07, -6.496546E-06,  4.209248E-02,  5.000000E-01
 4.540005E+01,  2270,  3.140527E+00,  4.771834E-04, -3.140527E+00,  0.000000E+00,  0.000000E+00,  0.000000E+00, -8.935291E-08, -5.435597E-06,  3.558375E-02,  5.000000E-01
 4.560005E+01,  2280,  3.140517E+00,  6.740026E-04, -3.140517E+00,  0.000000E+00,  0.000000E+00,  0.000000E+00, -8.627066E-08, -4.349256E-06,  2.014267E-02,  5.000000E-01
 4.580005E+01,  2290,  3.140506E+00,  9.830669E-04, -3.140506E+00,  0.000000E+00,  0.000000E+00,  0.000000E+00, -1.130861E-07, -3.741450E-06,  1.184182E-02,  5.000000E-01
 4.600005E+01,  2300,  3.140501E+00,  1.273287E-03, -3.140501E+00,  0.000000E+00,  0.000000E+00,  0.000000E+00, -1.620688E-07, -3.940908E-06,  9.591880E-03,  5.000000E-01
 4.620005E+01,  2310,  3.140510E+00,  1.385895E-03, -3.140509E+00,  0.000000E+00,  0.000000E+00,  0.000000E+00, -2.037062E-07, -4.820889E-06,  1.077664E-02,  5.000000E-01
 4.640005E+01,  2320,  3.140523E+00,  1.272478E-03, -3.140523E+00,  0.000000E+00,  0.000000E+00,  0.000000E+00, -2.232295E-07, -6.007070E-06,  1.465156E-02,  5.000000E-01
 4.660005E+01,  2330,  3.140532E+00,  9.579807E-04, -3.140532E+00,  0.000000E+00,  0.000000E+00,  0.000000E+00, -2.101844E-07, -6.955712E-06,  2.258641E-02,  5.000000E-01
 4.680005E+01,  2340,  3.140537E+00,  5.896695E-04, -3.140537E+00,  0.000000E+00,  0.000000E+00,  0.000000E+00, -1.562586E-07, -7.047248E-06,  3.726334E-02,  5.000000E-01
 4.700005E+01,  2350,  3.140535E+00,  4.135183E-04, -3.140535E+00,  0.000000E+00,  0.000000E+00,  0.000000E+00, -1.086691E-07, -6.141534E-06,  4.637569E-02,  5.000000E-01
 4.720005E+01,  2360,  3.140523E+00,  5.316493E-04, -3.140523E+00,  0.000000E+00,  0.000000E+00,  0.000000E+00, -8.297470E-08, -4.784507E-06,  2.811817E-02,  5.000000E-01
 4.740005E+01,  2370,  3.140511E+00,  8.677385E-04, -3.140511E+00,  0.000000E+00,  0.000000E+00,  0.000000E+00, -9.869875E-08, -3.787288E-06,  1.359751E-02,  5.000000E-01
 4.760006E+01,  2380,  3.140511E+00,  1.228908E-03, -3.140510E+00,  0.000000E+00,  0.000000E+00,  0.000000E+00, -1.513077E-07, -3.803352E-06,  9.593253E-03,  5.000000E-01
 4.780005E+01,  2390,  3.140514E+00,  1.394376E-03, -3.140513E+00,  0.000000E+00,  0.000000E+00,  0.000000E+00, -2.004339E-07, -4.725541E-06,  1.049742E-02,  5.000000E-01
 4.800005E+01,  2400,  3.140524E+00,  1.283115E-03, -3.140524E+00,  0.000000E+00,  0.000000E+00,  0.000000E+00, -2.219465E-07, -6.023040E-06,  1.457164E-02,  5.000000E-01
 4.820005E+01,  2410,  3.140536E+00,  9.661798E-04, -3.140536E+00,  0.000000E+00,  0.000000E+00,  0.000000E+00, -2.055958E-07, -6.931966E-06,  2.231675E-02,  5.000000E-01
 4.840005E+01,  2420,  3.140542E+00,  6.228121E-04, -3.140542E+00,  0.000000E+00,  0.000000E+00,  0.000000E+00, -1.555321E-07, -6.939119E-06,  3.473467E-02,  5.000000E-01
 4.860006E+01,  2430,  3.140538E+00,  4.453917E-04, -3.140538E+00,  0.000000E+00,  0.000000E+00,  0.000000E+00, -1.122957E-07, -6.110579E-06,  4.283976E-02,  5.000000E-01
 4.880006E+01,  2440,  3.140530E+00,  5.237330E-04, -3.140530E+00,  0.000000E+00,  0.000000E+00,  0.000000E+00, -9.010945E-08, -4.918731E-06,  2.932196E-02,  5.000000E-01
 4.900006E+01,  2450,  3.140517E+00,  8.081648E-04, -3.140516E+00,  0.000000E+00,  0.000000E+00,  0.000000E+00, -1.012340E-07, -4.020449E-06,  1.549389E-02,  5.000000E-01
 4.920006E+01,  2460,  3.140511E+00,  1.143922E-03, -3.140510E+00,  0.000000E+00,  0.000000E+00,  0.000000E+00, -1.427379E-07, -3.897120E-06,  1.057272E-02,  5.000000E-01
 4.940005E+01,  2470,  3.140521E+00,  1.344742E-03, -3.140521E+00,  0.000000E+00,  0.000000E+00,  0.000000E+00, -1.877093E-07, -4.585935E-06,  1.057088E-02,  5.000000E-01
 4.960006E+01,  2480,  3.140533E+00,  1.305617E-03, -3.140532E+00,  0.000000E+00,  0.000000E+00,  0.000000E+00, -2.125828E-07, -5.710468E-06,  1.357290E-02,  5.000000E-01
 4.980006E+01,  2490,  3.140542E+00,  1.046400E-03, -3.140542E+00,  0.000000E+00,  0.000000E+00,  0.000000E+00, -2.060998E-07, -6.665804E-06,  1.980551E-02,  5.000000E-01
 5.000006E+01,  2500,  3.140545E+00,  7.102053E-04, -3.140545E+00,  0.000000E+00,  0.000000E+00,  0.000000E+00, -1.694214E-07, -6.943788E-06,  3.046459E-02,  5.000000E-01
 5.020005E+01,  2510,  3.140542E+00,  4.759672E-04, -3.140542E+00,  0.000000E+00,  0.000000E+00,  0.000000E+00, -1.232586E-07, -6.366004E-06,  4.173757E-02,  5.000000E-01
 5.040006E+01,  2520,  3.140533E+00,  4.790904E-04, -3.140533E+00,  0.000000E+00,  0.000000E+00,  0.000000E+00, -9.290535E-08, -5.260251E-06,  3.429259E-02,  5.000000E-01
 5.060006E+01,  2530,  3.140521E+00,  7.216968E-04, -3.140521E+00,  0.000000E+00,  0.000000E+00,  0.000000E+00, -9.506826E-08, -4.206526E-06,  1.818088E-02,  5.000000E-01
 5.080006E+01,  2540,  3.140514E+00,  1.068630E-03, -3.140514E+00,  0.000000E+00,  0.000000E+00,  0.000000E+00, -1.296586E-07, -3.794834E-06,  1.103000E-02,  5.000000E-01
 5.100006E+01,  2550,  3.140522E+00,  1.337123E-03, -3.140522E+00,  0.000000E+00,  0.000000E+00,  0.000000E+00, -1.776856E-07, -4.287178E-06,  9.936427E-03,  5.000000E-01
 5.120006E+01,  2560,  3.140535E+00,  1.365639E-03, -3.140535E+00,  0.000000E+00,  0.000000E+00,  0.000000E+00, -2.113242E-07, -5.399098E-06,  1.226081E-02,  5.000000E-01
 5.140006E+01,  2570,  3.140542E+00,  1.139003E-03, -3.140542E+00,  0.000000E+00,  0.000000E+00,  0.000000E+00, -2.151330E-07, -6.541707E-06,  1.785004E-02,  5.000000E-01
 5.160006E+01,  2580,  3.140550E+00,  7.815783E-04, -3.140550E+00,  0.000000E+00,  0.000000E+00,  0.000000E+00, -1.837800E-07, -7.072530E-06,  2.818332E-02,  5.000000E-01
 5.180006E+01,  2590,  3.140548E+00,  4.858771E-04, -3.140548E+00,  0.000000E+00,  0.000000E+00,  0.000000E+00, -1.325450E-07, -6.647655E-06,  4.269291E-02,  5.000000E-01
 5.200006E+01,  2600,  3.140536E+00,  4.283304E-04, -3.140536E+00,  0.000000E+00,  0.000000E+00,  0.000000E+00, -9.429829E-08, -5.537480E-06,  4.036922E-02,  5.000000E-01
 5.220006E+01,  2610,  3.140526E+00,  6.395195E-04, -3.140526E+00,  0.000000E+00,  0.000000E+00,  0.000000E+00, -8.883060E-08, -4.327746E-06,  2.111992E-02,  5.000000E-01
 5.240006E+01,  2620,  3.140519E+00,  1.000864E-03, -3.140519E+00,  0.000000E+00,  0.000000E+00,  0.000000E+00, -1.168390E-07, -3.701058E-06,  1.150560E-02,  5.000000E-01
 5.260006E+01,  2630,  3.140524E+00,  1.319190E-03, -3.140524E+00,  0.000000E+00,  0.000000E+00,  0.000000E+00, -1.687345E-07, -4.056360E-06,  9.528811E-03,  5.000000E-01
 5.280006E+01,  2640,  3.140534E+00,  1.401263E-03, -3.140534E+00,  0.000000E+00,  0.000000E+00,  0.000000E+00, -2.105592E-07, -5.144701E-06,  1.137705E-02,  5.000000E-01
 5.300006E+01,  2650,  3.140543E+00,  1.208626E-03, -3.140543E+00,  0.000000E+00,  0.000000E+00,  0.000000E+00, -2.211003E-07, -6.403322E-06,  1.645241E-02,  5.000000E-01
 5.320006E+01,  2660,  3.140549E+00,  8.465681E-04, -3.140549E+00,  0.000000E+00,  0.000000E+00,  0.000000E+00, -1.940130E-07, -7.112232E-06,  2.615217E-02,  5.000000E-01
 5.340006E+01,  2670,  3.140551E+00,  5.109844E-04, -3.140551E+00,  0.000000E+00,  0.000000E+00,  0.000000E+00, -1.403407E-07, -6.843202E-06,  4.177517E-02,  5.000000E-01
 5.360006E+01,  2680,  3.140544E+00,  3.984105E-04, -3.140544E+00,  0.000000E+00,  0.000000E+00,  0.000000E+00, -9.709587E-08, -5.786580E-06,  4.538024E-02,  5.000000E-01
 5.380006E+01,  2690,  3.140530E+00,  5.702825E-04, -3.140530E+00,  0.000000E+00,  0.000000E+00,  0.000000E+00, -8.272583E-08, -4.489556E-06,  2.458677E-02,  5.000000E-01
 5.400006E+01,  2700,  3.140523E+00,  9.310223E-04, -3.140523E+00,  0.000000E+00,  0.000000E+00,  0.000000E+00, -1.072757E-07, -3.701608E-06,  1.236719E-02,  5.000000E-01
 5.420006E+01,  2710,  3.140525E+00,  1.284296E-03, -3.140525E+00,  0.000000E+00,  0.000000E+00,  0.000000E+00, -1.595074E-07, -3.875190E-06,  9.350941E-03,  5.000000E-01
 5.440007E+01,  2720,  3.140533E+00,  1.425867E-03, -3.140533E+00,  0.000000E+00,  0.000000E+00,  0.000000E+00, -2.053653E-07, -4.889104E-06,  1.062104E-02,  5.000000E-01
 5.460005E+01,  2730,  3.140543E+00,  1.278263E-03, -3.140543E+00,  0.000000E+00,  0.000000E+00,  0.000000E+00, -2.262512E-07, -6.204537E-06,  1.506945E-02,  5.000000E-01
 5.480006E+01,  2740,  3.140550E+00,  9.253536E-04, -3.140550E+00,  0.000000E+00,  0.000000E+00,  0.000000E+00, -2.031161E-07, -7.086905E-06,  2.382627E-02,  5.000000E-01
 5.500006E+01,  2750,  3.140553E+00,  5.553777E-04, -3.140553E+00,  0.000000E+00,  0.000000E+00,  0.000000E+00, -1.515928E-07, -7.021050E-06,  3.942875E-02,  5.000000E-01
 5.520006E+01,  2760,  3.140550E+00,  3.830999E-04, -3.140550E+00,  0.000000E+00,  0.000000E+00,  0.000000E+00, -1.017828E-07, -6.065269E-06,  4.945439E-02,  5.000000E-01
 5.540007E+01,  2770,  3.140537E+00,  5.038970E-04, -3.140537E+00,  0.000000E+00,  0.000000E+00,  0.000000E+00, -8.072961E-08, -4.721697E-06,  2.927207E-02,  5.000000E-01
 5.560006E+01,  2780,  3.140528E+00,  8.497536E-04, -3.140528E+00,  0.000000E+00,  0.000000E+00,  0.000000E+00, -9.706586E-08, -3.750893E-06,  1.374443E-02,  5.000000E-01
 5.580007E+01,  2790,  3.140527E+00,  1.234520E-03, -3.140527E+00,  0.000000E+00,  0.000000E+00,  0.000000E+00, -1.481792E-07, -3.709695E-06,  9.317850E-03,  5.000000E-01
 5.600006E+01,  2800,  3.140529E+00,  1.437142E-03, -3.140529E+00,  0.000000E+00,  0.000000E+00,  0.000000E+00, -1.999674E-07, -4.606039E-06,  9.927273E-03,  5.000000E-01
 5.620006E+01,  2810,  3.140541E+00,  1.344601E-03, -3.140541E+00,  0.000000E+00,  0.000000E+00,  0.000000E+00, -2.267654E-07, -5.965358E-06,  1.376396E-02,  5.000000E-01
 5.640007E+01,  2820,  3.140553E+00,  1.007822E-03, -3.140553E+00,  0.000000E+00,  0.000000E+00,  0.000000E+00, -2.121432E-07, -7.029016E-06,  2.168847E-02,  5.000000E-01
 5.660006E+01,  2830,  3.140557E+00,  6.054459E-04, -3.140557E+00,  0.000000E+00,  0.000000E+00,  0.000000E+00, -1.626149E-07, -7.171885E-06,  3.693507E-02,  5.000000E-01
 5.680007E+01,  2840,  3.140553E+00,  3.748715E-04, -3.140553E+00,  0.000000E+00,  0.000000E+00,  0.000000E+00, -1.108039E-07, -6.317936E-06,  5.263487E-02,  5.000000E-01
 5.700006E+01,  2850,  3.140542E+00,  4.477984E-04, -3.140542E+00,  0.000000E+00,  0.000000E+00,  0.000000E+00, -7.843848E-08, -4.921189E-06,  3.433938E-02,  5.000000E-01
 5.720007E+01,  2860,  3.140529E+00,  7.798753E-04, -3.140529E+00,  0.000000E+00,  0.000000E+00,  0.000000E+00, -9.036590E-08, -3.812742E-06,  1.523658E-02,  5.000000E-01
 5.740007E+01,  2870,  3.140524E+00,  1.187754E-03, -3.140524E+00,  0.000000E+00,  0.000000E+00,  0.000000E+00, -1.413879E-07, -3.588077E-06,  9.370618E-03,  5.000000E-01
 5.760006E+01,  2880,  3.140533E+00,  1.447977E-03, -3.140533E+00,  0.000000E+00,  0.000000E+00,  0.000000E+00, -1.958081E-07, -4.502768E-06,  9.630801E-03,  5.000000E-01
 5.780007E+01,  2890,  3.140543E+00,  1.366044E-03, -3.140543E+00,  0.000000E+00,  0.000000E+00,  0.000000E+00, -2.272284E-07, -5.912552E-06,  1.342402E-02,  5.000000E-01
 5.800006E+01,  2900,  3.140555E+00,  1.033316E-03, -3.140555E+00,  0.000000E+00,  0.000000E+00,  0.000000E+00, -2.141310E-07, -7.009006E-06,  2.108883E-02,  5.000000E-01
 5.820007E+01,  2910,  3.140559E+00,  6.292324E-04, -3.140559E+00,  0.000000E+00,  0.000000E+00,  0.000000E+00, -1.667911E-07, -7.203040E-06,  3.568619E-02,  5.000000E-01
 5.840007E+01,  2920,  3.140554E+00,  3.719195E-04, -3.140554E+00,  0.000000E+00,  0.000000E+00,  0.000000E+00, -1.102477E-07, -6.298423E-06,  5.288751E-02,  5.000000E-01
 5.860007E+01,  2930,  3.140542E+00,  4.498982E-04, -3.140542E+00,  0.000000E+00,  0.000000E+00,  0.000000E+00, -8.264160E-08, -4.896058E-06,  3.401347E-02,  5.000000E-01
 5.880007E+01,  2940,  3.140532E+00,  7.811805E-04, -3.140532E+00,  0.000000E+00,  0.000000E+00,  0.000000E+00, -9.247809E-08, -3.814243E-06,  1.520919E-02,  5.000000E-01
 5.900006E+01,  2950,  3.140526E+00,  1.185022E-03, -3.140525E+00,  0.000000E+00,  0.000000E+00,  0.000000E+00, -1.408248E-07, -3.631862E-06,  9.505056E-03,  5.000000E-01
 5.920007E+01,  2960,  3.140533E+00,  1.443942E-03, -3.140532E+00,  0.000000E+00,  0.000000E+00,  0.000000E+00, -1.977833E-07, -4.584370E-06,  9.834550E-03,  5.000000E-01
 5.940007E+01,  2970,  3.140549E+00,  1.342061E-03, -3.140549E+00,  0.000000E+00,  0.000000E+00,  0.000000E+00, -2.230375E-07, -6.013494E-06,  1.390492E-02,  5.000000E-01
 5.960007E+01,  2980,  3.140555E+00,  9.935471E-04, -3.140555E+00,  0.000000E+00,  0.000000E+00,  0.000000E+00, -2.086748E-07, -7.031236E-06,  2.201290E-02,  5.000000E-01
 5.980007E+01,  2990,  3.140558E+00,  5.857529E-04, -3.140558E+00,  0.000000E+00,  0.000000E+00,  0.000000E+00, -1.594133E-07, -7.076617E-06,  3.767289E-02,  5.000000E-01
 6.000007E+01,  3000,  3.140555E+00,  3.732152E-04, -3.140555E+00,  0.000000E+00,  0.000000E+00,  0.000000E+00, -1.048909E-07, -6.083427E-06,  5.091153E-02,  5.000000E-01
 6.020007E+01,  3010,  3.140542E+00,  5.009767E-04, -3.140542E+00,  0.000000E+00,  0.000000E+00,  0.000000E+00, -8.314622E-08, -4.673709E-06,  2.914255E-02,  5.000000E-01
 6.040007E+01,  3020,  3.140533E+00,  8.530217E-04, -3.140532E+00,  0.000000E+00,  0.000000E+00,  0.000000E+00, -1.026629E-07, -3.758793E-06,  1.371793E-02,  5.000000E-01
 6.060007E+01,  3030,  3.140531E+00,  1.259933E-03, -3.140530E+00,  0.000000E+00,  0.000000E+00,  0.000000E+00, -1.553237E-07, -3.851497E-06,  9.473557E-03,  5.000000E-01
 6.080007E+01,  3040,  3.140538E+00,  1.432789E-03, -3.140538E+00,  0.000000E+00,  0.000000E+00,  0.000000E+00, -2.026374E-07, -4.918153E-06,  1.063399E-02,  5.000000E-01
 6.100007E+01,  3050,  3.140552E+00,  1.274722E-03, -3.140551E+00,  0.000000E+00,  0.000000E+00,  0.000000E+00, -2.224485E-07, -6.265982E-06,  1.526434E-02,  5.000000E-01
 6.120007E+01,  3060,  3.140563E+00,  9.147297E-04, -3.140563E+00,  0.000000E+00,  0.000000E+00,  0.000000E+00, -1.978797E-07, -7.048138E-06,  2.398217E-02,  5.000000E-01
 6.140007E+01,  3070,  3.140558E+00,  5.443008E-04, -3.140558E+00,  0.000000E+00,  0.000000E+00,  0.000000E+00, -1.461113E-07, -6.854146E-06,  3.926863E-02,  5.000000E-01
 6.160007E+01,  3080,  3.140549E+00,  3.925089E-04, -3.140549E+00,  0.000000E+00,  0.000000E+00,  0.000000E+00, -1.028108E-07, -5.805261E-06,  4.619977E-02,  5.000000E-01
 6.180006E+01,  3090,  3.140540E+00,  5.453610E-04, -3.140540E+00,  0.000000E+00,  0.000000E+00,  0.000000E+00, -8.689048E-08, -4.555089E-06,  2.607516E-02,  5.000000E-01
 6.200007E+01,  3100,  3.140534E+00,  8.880277E-04, -3.140534E+00,  0.000000E+00,  0.000000E+00,  0.000000E+00, -1.084078E-07, -3.809400E-06,  1.333994E-02,  5.000000E-01
 6.220007E+01,  3110,  3.140531E+00,  1.272908E-03, -3.140531E+00,  0.000000E+00,  0.000000E+00,  0.000000E+00, -1.584923E-07, -3.969113E-06,  9.666404E-03,  5.000000E-01
 6.240007E+01,  3120,  3.140541E+00,  1.419380E-03, -3.140540E+00,  0.000000E+00,  0.000000E+00,  0.000000E+00, -2.056092E-07, -5.024088E-06,  1.096909E-02,  5.000000E-01
 6.260007E+01,  3130,  3.140555E+00,  1.255486E-03, -3.140554E+00,  0.000000E+00,  0.000000E+00,  0.000000E+00, -2.210848E-07, -6.289699E-06,  1.555561E-02,  5.000000E-01
 6.280008E+01,  3140,  3.140561E+00,  9.146092E-04, -3.140561E+00,  0.000000E+00,  0.000000E+00,  0.000000E+00, -1.976435E-07, -7.032071E-06,  2.392241E-02,  5.000000E-01
 6.300007E+01,  3150,  3.140562E+00,  5.501583E-04, -3.140562E+00,  0.000000E+00,  0.000000E+00,  0.000000E+00, -1.486226E-07, -6.894426E-06,  3.908546E-02,  5.000000E-01
 6.320008E+01,  3160,  3.140551E+00,  3.849414E-04, -3.140551E+00,  0.000000E+00,  0.000000E+00,  0.000000E+00, -1.031787E-07, -5.846896E-06,  4.745165E-02,  5.000000E-01
 6.340007E+01,  3170,  3.140546E+00,  5.413594E-04, -3.140546E+00,  0.000000E+00,  0.000000E+00,  0.000000E+00, -8.495866E-08, -4.566771E-06,  2.634243E-02,  5.000000E-01
 6.360007E+01,  3180,  3.140534E+00,  9.064036E-04, -3.140534E+00,  0.000000E+00,  0.000000E+00,  0.000000E+00, -1.049325E-07, -3.710688E-06,  1.273074E-02,  5.000000E-01
 6.380008E+01,  3190,  3.140533E+00,  1.307742E-03, -3.140533E+00,  0.000000E+00,  0.000000E+00,  0.000000E+00, -1.618010E-07, -3.897257E-06,  9.233423E-03,  5.000000E-01
 6.400008E+01,  3200,  3.140543E+00,  1.442723E-03, -3.140542E+00,  0.000000E+00,  0.000000E+00,  0.000000E+00, -2.074774E-07, -5.056716E-06,  1.085865E-02,  5.000000E-01
 6.420008E+01,  3210,  3.140555E+00,  1.241762E-03, -3.140555E+00,  0.000000E+00,  0.000000E+00,  0.000000E+00, -2.233530E-07, -6.434328E-06,  1.608953E-02,  5.000000E-01
 6.440008E+01,  3220,  3.140564E+00,  8.396972E-04, -3.140563E+00,  0.000000E+00,  0.000000E+00,  0.000000E+00, -1.934234E-07, -7.191696E-06,  2.667154E-02,  5.000000E-01
 6.460008E+01,  3230,  3.140562E+00,  4.590032E-04, -3.140562E+00,  0.000000E+00,  0.000000E+00,  0.000000E+00, -1.354578E-07, -6.774131E-06,  4.605419E-02,  5.000000E-01
 6.480008E+01,  3240,  3.140551E+00,  3.863327E-04, -3.140551E+00,  0.000000E+00,  0.000000E+00,  0.000000E+00, -9.243803E-08, -5.477421E-06,  4.427958E-02,  5.000000E-01
 6.500008E+01,  3250,  3.140539E+00,  6.175546E-04, -3.140539E+00,  0.000000E+00,  0.000000E+00,  0.000000E+00, -8.732926E-08, -4.222818E-06,  2.134132E-02,  5.000000E-01
 6.520008E+01,  3260,  3.140532E+00,  1.014380E-03, -3.140532E+00,  0.000000E+00,  0.000000E+00,  0.000000E+00, -1.198333E-07, -3.653837E-06,  1.119401E-02,  5.000000E-01
 6.540008E+01,  3270,  3.140538E+00,  1.354593E-03, -3.140538E+00,  0.000000E+00,  0.000000E+00,  0.000000E+00, -1.768654E-07, -4.179878E-06,  9.562567E-03,  5.000000E-01
 6.560008E+01,  3280,  3.140547E+00,  1.404099E-03, -3.140547E+00,  0.000000E+00,  0.000000E+00,  0.000000E+00, -2.116227E-07, -5.392997E-06,  1.190887E-02,  5.000000E-01
 6.580008E+01,  3290,  3.140560E+00,  1.176939E-03, -3.140560E+00,  0.000000E+00,  0.000000E+00,  0.000000E+00, -2.165798E-07, -6.580722E-06,  1.737432E-02,  5.000000E-01
 6.600009E+01,  3300,  3.140566E+00,  7.983948E-04, -3.140566E+00,  0.000000E+00,  0.000000E+00,  0.000000E+00, -1.831090E-07, -7.098186E-06,  2.768677E-02,  5.000000E-01
 6.620009E+01,  3310,  3.140563E+00,  4.622508E-04, -3.140563E+00,  0.000000E+00,  0.000000E+00,  0.000000E+00, -1.307147E-07, -6.594283E-06,  4.451383E-02,  5.000000E-01
 6.640010E+01,  3320,  3.140554E+00,  4.179959E-04, -3.140554E+00,  0.000000E+00,  0.000000E+00,  0.000000E+00, -9.245297E-08, -5.396302E-06,  4.031514E-02,  5.000000E-01
 6.660011E+01,  3330,  3.140542E+00,  6.481221E-04, -3.140542E+00,  0.000000E+00,  0.000000E+00,  0.000000E+00, -8.901630E-08, -4.243000E-06,  2.042612E-02,  5.000000E-01
 6.680012E+01,  3340,  3.140534E+00,  1.017398E-03, -3.140534E+00,  0.000000E+00,  0.000000E+00,  0.000000E+00, -1.204133E-07, -3.693854E-06,  1.128245E-02,  5.000000E-01
 6.700014E+01,  3350,  3.140540E+00,  1.370515E-03, -3.140540E+00,  0.000000E+00,  0.000000E+00,  0.000000E+00, -1.763560E-07, -4.189119E-06,  9.467294E-03,  5.000000E-01
 6.720013E+01,  3360,  3.140550E+00,  1.404187E-03, -3.140549E+00,  0.000000E+00,  0.000000E+00,  0.000000E+00, -2.150066E-07, -5.476144E-06,  1.209201E-02,  5.000000E-01
 6.740015E+01,  3370,  3.140562E+00,  1.134566E-03, -3.140561E+00,  0.000000E+00,  0.000000E+00,  0.000000E+00, -2.174457E-07, -6.710580E-06,  1.838851E-02,  5.000000E-01
 6.760016E+01,  3380,  3.140567E+00,  7.309617E-04, -3.140566E+00,  0.000000E+00,  0.000000E+00,  0.000000E+00, -1.788988E-07, -7.159066E-06,  3.051056E-02,  5.000000E-01
 6.780015E+01,  3390,  3.140559E+00,  4.135352E-04, -3.140559E+00,  0.000000E+00,  0.000000E+00,  0.000000E+00, -1.219480E-07, -6.488123E-06,  4.898999E-02,  5.000000E-01
 6.800016E+01,  3400,  3.140553E+00,  4.260444E-04, -3.140553E+00,  0.000000E+00,  0.000000E+00,  0.000000E+00, -8.806188E-08, -5.146344E-06,  3.772328E-02,  5.000000E-01
 6.820016E+01,  3410,  3.140540E+00,  7.066400E-04, -3.140540E+00,  0.000000E+00,  0.000000E+00,  0.000000E+00, -9.012555E-08, -4.032251E-06,  1.778946E-02,  5.000000E-01
 6.840016E+01,  3420,  3.140537E+00,  1.129652E-03, -3.140537E+00,  0.000000E+00,  0.000000E+00,  0.000000E+00, -1.356273E-07, -3.695858E-06,  1.014646E-02,  5.000000E-01
 6.860016E+01,  3430,  3.140542E+00,  1.408726E-03, -3.140542E+00,  0.000000E+00,  0.000000E+00,  0.000000E+00, -1.889031E-07, -4.482042E-06,  9.857201E-03,  5.000000E-01
 6.880016E+01,  3440,  3.140552E+00,  1.358930E-03, -3.140552E+00,  0.000000E+00,  0.000000E+00,  0.000000E+00, -2.207434E-07, -5.831526E-06,  1.331649E-02,  5.000000E-01
 6.900016E+01,  3450,  3.140564E+00,  1.069399E-03, -3.140564E+00,  0.000000E+00,  0.000000E+00,  0.000000E+00, -2.096984E-07, -6.820413E-06,  1.983305E-02,  5.000000E-01
 6.920016E+01,  3460,  3.140567E+00,  6.690192E-04, -3.140567E+00,  0.000000E+00,  0.000000E+00,  0.000000E+00, -1.650772E-07, -7.044448E-06,  3.281600E-02,  5.000000E-01
 6.940016E+01,  3470,  3.140560E+00,  4.114036E-04, -3.140560E+00,  0.000000E+00,  0.000000E+00,  0.000000E+00, -1.158244E-07, -6.230006E-06,  4.729315E-02,  5.000000E-01
 6.960016E+01,  3480,  3.140550E+00,  4.772480E-04, -3.140550E+00,  0.000000E+00,  0.000000E+00,  0.000000E+00, -8.909035E-08, -4.936979E-06,  3.230421E-02,  5.000000E-01
 6.980016E+01,  3490,  3.140541E+00,  7.705725E-04, -3.140541E+00,  0.000000E+00,  0.000000E+00,  0.000000E+00, -9.644779E-08, -3.976636E-06,  1.607590E-02,  5.000000E-01
 7.000016E+01,  3500,  3.140537E+00,  1.137450E-03, -3.140537E+00,  0.000000E+00,  0.000000E+00,  0.000000E+00, -1.394464E-07, -3.779475E-06,  1.031259E-02,  5.000000E-01
 7.020016E+01,  3510,  3.140543E+00,  1.398942E-03, -3.140543E+00,  0.000000E+00,  0.000000E+00,  0.000000E+00, -1.871557E-07, -4.508989E-06,  9.987987E-03,  5.000000E-01
 7.040016E+01,  3520,  3.140556E+00,  1.353723E-03, -3.140556E+00,  0.000000E+00,  0.000000E+00,  0.000000E+00, -2.183212E-07, -5.807045E-06,  1.330990E-02,  5.000000E-01
 7.060016E+01,  3530,  3.140563E+00,  1.061441E-03, -3.140563E+00,  0.000000E+00,  0.000000E+00,  0.000000E+00, -2.115302E-07, -6.831121E-06,  2.001170E-02,  5.000000E-01
 7.080016E+01,  3540,  3.140568E+00,  6.594918E-04, -3.140568E+00,  0.000000E+00,  0.000000E+00,  0.000000E+00, -1.668833E-07, -7.110327E-06,  3.360151E-02,  5.000000E-01
 7.100016E+01,  3550,  3.140561E+00,  3.849142E-04, -3.140561E+00,  0.000000E+00,  0.000000E+00,  0.000000E+00, -1.135221E-07, -6.288874E-06,  5.101669E-02,  5.000000E-01
 7.120016E+01,  3560,  3.140549E+00,  4.657949E-04, -3.140549E+00,  0.000000E+00,  0.000000E+00,  0.000000E+00, -8.447245E-08, -4.889731E-06,  3.278892E-02,  5.000000E-01
 7.140016E+01,  3570,  3.140544E+00,  8.106352E-04, -3.140544E+00,  0.000000E+00,  0.000000E+00,  0.000000E+00, -9.737325E-08, -3.828048E-06,  1.471200E-02,  5.000000E-01
 7.160017E+01,  3580,  3.140538E+00,  1.228787E-03, -3.140538E+00,  0.000000E+00,  0.000000E+00,  0.000000E+00, -1.483347E-07, -3.754961E-06,  9.480694E-03,  5.000000E-01
 7.180016E+01,  3590,  3.140544E+00,  1.439249E-03, -3.140544E+00,  0.000000E+00,  0.000000E+00,  0.000000E+00, -1.996379E-07, -4.769129E-06,  1.026946E-02,  5.000000E-01
 7.200018E+01,  3600,  3.140558E+00,  1.301208E-03, -3.140558E+00,  0.000000E+00,  0.000000E+00,  0.000000E+00, -2.227643E-07, -6.194268E-06,  1.478097E-02,  5.000000E-01
 7.220017E+01,  3610,  3.140568E+00,  9.509348E-04, -3.140568E+00,  0.000000E+00,  0.000000E+00,  0.000000E+00, -2.008979E-07, -7.044925E-06,  2.304647E-02,  5.000000E-01
 7.240018E+01,  3620,  3.140571E+00,  5.613302E-04, -3.140571E+00,  0.000000E+00,  0.000000E+00,  0.000000E+00, -1.489235E-07, -6.926708E-06,  3.848534E-02,  5.000000E-01
 7.260020E+01,  3630,  3.140561E+00,  3.914488E-04, -3.140561E+00,  0.000000E+00,  0.000000E+00,  0.000000E+00, -1.033513E-07, -5.868989E-06,  4.683037E-02,  5.000000E-01
 7.280020E+01,  3640,  3.140548E+00,  5.510048E-04, -3.140548E+00,  0.000000E+00,  0.000000E+00,  0.000000E+00, -8.812124E-08, -4.547113E-06,  2.575308E-02,  5.000000E-01
 7.300022E+01,  3650,  3.140539E+00,  8.905087E-04, -3.140539E+00,  0.000000E+00,  0.000000E+00,  0.000000E+00, -1.072059E-07, -3.810431E-06,  1.330792E-02,  5.000000E-01
 7.320022E+01,  3660,  3.140539E+00,  1.260330E-03, -3.140538E+00,  0.000000E+00,  0.000000E+00,  0.000000E+00, -1.572317E-07, -3.976167E-06,  9.783711E-03,  5.000000E-01
 7.340024E+01,  3670,  3.140549E+00,  1.413012E-03, -3.140548E+00,  0.000000E+00,  0.000000E+00,  0.000000E+00, -2.029081E-07, -5.021476E-06,  1.101380E-02,  5.000000E-01
 7.360023E+01,  3680,  3.140562E+00,  1.261028E-03, -3.140562E+00,  0.000000E+00,  0.000000E+00,  0.000000E+00, -2.200650E-07, -6.241916E-06,  1.536954E-02,  5.000000E-01
 7.380025E+01,  3690,  3.140569E+00,  9.278270E-04, -3.140568E+00,  0.000000E+00,  0.000000E+00,  0.000000E+00, -1.970691E-07, -6.996594E-06,  2.346170E-02,  5.000000E-01
 7.400026E+01,  3700,  3.140569E+00,  5.573166E-04, -3.140569E+00,  0.000000E+00,  0.000000E+00,  0.000000E+00, -1.501747E-07, -6.884337E-06,  3.851819E-02,  5.000000E-01
 7.420025E+01,  3710,  3.140560E+00,  3.894232E-04, -3.140560E+00,  0.000000E+00,  0.000000E+00,  0.000000E+00, -1.043964E-07, -5.893297E-06,  4.728660E-02,  5.000000E-01
 7.440026E+01,  3720,  3.140551E+00,  5.270229E-04, -3.140551E+00,  0.000000E+00,  0.000000E+00,  0.000000E+00, -8.304013E-08, -4.653331E-06,  2.757932E-02,  5.000000E-01
 7.460026E+01,  3730,  3.140540E+00,  8.645652E-04, -3.140540E+00,  0.000000E+00,  0.000000E+00,  0.000000E+00, -1.012370E-07, -3.787958E-06,  1.364021E-02,  5.000000E-01
 7.480026E+01,  3740,  3.140540E+00,  1.284501E-03, -3.140540E+00,  0.000000E+00,  0.000000E+00,  0.000000E+00, -1.546714E-07, -3.856133E-06,  9.305444E-03,  5.000000E-01
 7.500026E+01,  3750,  3.140551E+00,  1.445419E-03, -3.140551E+00,  0.000000E+00,  0.000000E+00,  0.000000E+00, -2.046735E-07, -4.969141E-06,  1.065224E-02,  5.000000E-01
 7.520026E+01,  3760,  3.140562E+00,  1.274305E-03, -3.140562E+00,  0.000000E+00,  0.000000E+00,  0.000000E+00, -2.255322E-07, -6.309628E-06,  1.537175E-02,  5.000000E-01
 7.540026E+01,  3770,  3.140571E+00,  9.043459E-04, -3.140571E+00,  0.000000E+00,  0.000000E+00,  0.000000E+00, -2.018201E-07, -7.148762E-06,  2.460075E-02,  5.000000E-01
 7.560026E+01,  3780,  3.140568E+00,  4.971597E-04, -3.140568E+00,  0.000000E+00,  0.000000E+00,  0.000000E+00, -1.427269E-07, -6.917661E-06,  4.339767E-02,  5.000000E-01
 7.580026E+01,  3790,  3.140559E+00,  3.721776E-04, -3.140559E+00,  0.000000E+00,  0.000000E+00,  0.000000E+00, -9.510250E-08, -5.705236E-06,  4.789756E-02,  5.000000E-01
 7.600026E+01,  3800,  3.140548E+00,  5.715707E-04, -3.140548E+00,  0.000000E+00,  0.000000E+00,  0.000000E+00, -8.195926E-08, -4.369085E-06,  2.386427E-02,  5.000000E-01
 7.620026E+01,  3810,  3.140541E+00,  9.651775E-04, -3.140540E+00,  0.000000E+00,  0.000000E+00,  0.000000E+00, -1.122328E-07, -3.641747E-06,  1.173649E-02,  5.000000E-01
 7.640026E+01,  3820,  3.140543E+00,  1.334415E-03, -3.140543E+00,  0.000000E+00,  0.000000E+00,  0.000000E+00, -1.675582E-07, -4.010181E-06,  9.315006E-03,  5.000000E-01
 7.660026E+01,  3830,  3.140550E+00,  1.428518E-03, -3.140550E+00,  0.000000E+00,  0.000000E+00,  0.000000E+00, -2.105754E-07, -5.213063E-06,  1.130681E-02,  5.000000E-01
 7.680026E+01,  3840,  3.140565E+00,  1.225882E-03, -3.140564E+00,  0.000000E+00,  0.000000E+00,  0.000000E+00, -2.211298E-07, -6.472449E-06,  1.639979E-02,  5.000000E-01
 7.700026E+01,  3850,  3.140571E+00,  8.511428E-04, -3.140571E+00,  0.000000E+00,  0.000000E+00,  0.000000E+00, -1.924575E-07, -7.142917E-06,  2.612836E-02,  5.000000E-01
 7.720026E+01,  3860,  3.140569E+00,  4.747105E-04, -3.140569E+00,  0.000000E+00,  0.000000E+00,  0.000000E+00, -1.364922E-07, -6.749208E-06,  4.436057E-02,  5.000000E-01
 7.740026E+01,  3870,  3.140561E+00,  3.980522E-04, -3.140561E+00,  0.000000E+00,  0.000000E+00,  0.000000E+00, -9.535500E-08, -5.530724E-06,  4.338266E-02,  5.000000E-01
 7.760027E+01,  3880,  3.140552E+00,  6.152313E-04, -3.140552E+00,  0.000000E+00,  0.000000E+00,  0.000000E+00, -8.499231E-08, -4.288754E-06,  2.175058E-02,  5.000000E-01
 7.780026E+01,  3890,  3.140538E+00,  9.868240E-04, -3.140538E+00,  0.000000E+00,  0.000000E+00,  0.000000E+00, -1.164613E-07, -3.683419E-06,  1.160524E-02,  5.000000E-01
 7.800026E+01,  3900,  3.140545E+00,  1.351429E-03, -3.140545E+00,  0.000000E+00,  0.000000E+00,  0.000000E+00, -1.740569E-07, -4.119945E-06,  9.445486E-03,  5.000000E-01
 7.820025E+01,  3910,  3.140556E+00,  1.414050E-03, -3.140556E+00,  0.000000E+00,  0.000000E+00,  0.000000E+00, -2.110326E-07, -5.381134E-06,  1.180150E-02,  5.000000E-01
 7.840027E+01,  3920,  3.140564E+00,  1.171460E-03, -3.140564E+00,  0.000000E+00,  0.000000E+00,  0.000000E+00, -2.179558E-07, -6.622013E-06,  1.756841E-02,  5.000000E-01
 7.860028E+01,  3930,  3.140570E+00,  7.868801E-04, -3.140570E+00,  0.000000E+00,  0.000000E+00,  0.000000E+00, -1.840941E-07, -7.158657E-06,  2.833168E-02,  5.000000E-01
 7.880028E+01,  3940,  3.140570E+00,  4.404180E-04, -3.140570E+00,  0.000000E+00,  0.000000E+00,  0.000000E+00, -1.286012E-07, -6.610797E-06,  4.684145E-02,  5.000000E-01
 7.900030E+01,  3950,  3.140558E+00,  4.071340E-04, -3.140558E+00,  0.000000E+00,  0.000000E+00,  0.000000E+00, -9.001077E-08, -5.352995E-06,  4.105963E-02,  5.000000E-01
 7.920029E+01,  3960,  3.140549E+00,  6.729439E-04, -3.140549E+00,  0.000000E+00,  0.000000E+00,  0.000000E+00, -9.090533E-08, -4.110996E-06,  1.905917E-02,  5.000000E-01
 7.940031E+01,  3970,  3.140539E+00,  1.065180E-03, -3.140539E+00,  0.000000E+00,  0.000000E+00,  0.000000E+00, -1.258339E-07, -3.683516E-06,  1.073887E-02,  5.000000E-01
 7.960031E+01,  3980,  3.140546E+00,  1.382230E-03, -3.140545E+00,  0.000000E+00,  0.000000E+00,  0.000000E+00, -1.827123E-07, -4.306129E-06,  9.653843E-03,  5.000000E-01
 7.980032E+01,  3990,  3.140559E+00,  1.384429E-03, -3.140559E+00,  0.000000E+00,  0.000000E+00,  0.000000E+00, -2.171680E-07, -5.595703E-06,  1.254069E-02,  5.000000E-01
 8.000034E+01,  4000,  3.140568E+00,  1.127774E-03, -3.140568E+00,  0.000000E+00,  0.000000E+00,  0.000000E+00, -2.154516E-07, -6.703257E-06,  1.847896E-02,  5.000000E-01
 8.020034E+01,  4010,  3.140573E+00,  7.300719E-04, -3.140573E+00,  0.000000E+00,  0.000000E+00,  0.000000E+00, -1.760605E-07, -7.115695E-06,  3.036190E-02,  5.000000E-01
 8.040036E+01,  4020,  3.140573E+00,  4.260500E-04, -3.140573E+00,  0.000000E+00,  0.000000E+00,  0.000000E+00, -1.220353E-07, -6.469533E-06,  4.739400E-02,  5.000000E-01
 8.060036E+01,  4030,  3.140558E+00,  4.343351E-04, -3.140558E+00,  0.000000E+00,  0.000000E+00,  0.000000E+00, -8.893744E-08, -5.170987E-06,  3.717674E-02,  5.000000E-01
 8.080036E+01,  4040,  3.140545E+00,  7.022994E-04, -3.140545E+00,  0.000000E+00,  0.000000E+00,  0.000000E+00, -9.234358E-08, -4.078448E-06,  1.811191E-02,  5.000000E-01
 8.100036E+01,  4050,  3.140541E+00,  1.091076E-03, -3.140541E+00,  0.000000E+00,  0.000000E+00,  0.000000E+00, -1.301201E-07, -3.690671E-06,  1.049595E-02,  5.000000E-01
 8.120036E+01,  4060,  3.140545E+00,  1.403549E-03, -3.140545E+00,  0.000000E+00,  0.000000E+00,  0.000000E+00, -1.838061E-07, -4.336067E-06,  9.571095E-03,  5.000000E-01
 8.140036E+01,  4070,  3.140560E+00,  1.394516E-03, -3.140559E+00,  0.000000E+00,  0.000000E+00,  0.000000E+00, -2.190306E-07, -5.608128E-06,  1.247338E-02,  5.000000E-01
 8.160036E+01,  4080,  3.140570E+00,  1.118083E-03, -3.140570E+00,  0.000000E+00,  0.000000E+00,  0.000000E+00, -2.169611E-07, -6.777868E-06,  1.884604E-02,  5.000000E-01
 8.180036E+01,  4090,  3.140573E+00,  6.996958E-04, -3.140573E+00,  0.000000E+00,  0.000000E+00,  0.000000E+00, -1.751034E-07, -7.173438E-06,  3.194750E-02,  5.000000E-01
 8.200036E+01,  4100,  3.140567E+00,  3.949586E-04, -3.140567E+00,  0.000000E+00,  0.000000E+00,  0.000000E+00, -1.181283E-07, -6.431150E-06,  5.084267E-02,  5.000000E-01
 8.220036E+01,  4110,  3.140557E+00,  4.376667E-04, -3.140557E+00,  0.000000E+00,  0.000000E+00,  0.000000E+00, -8.419778E-08, -5.036816E-06,  3.594569E-02,  5.000000E-01
 8.240036E+01,  4120,  3.140545E+00,  7.438934E-04, -3.140545E+00,  0.000000E+00,  0.000000E+00,  0.000000E+00, -9.170637E-08, -3.932651E-06,  1.646835E-02,  5.000000E-01
 8.260036E+01,  4130,  3.140544E+00,  1.151666E-03, -3.140544E+00,  0.000000E+00,  0.000000E+00,  0.000000E+00, -1.360562E-07, -3.680598E-06,  9.912891E-03,  5.000000E-01
 8.280036E+01,  4140,  3.140548E+00,  1.419219E-03, -3.140548E+00,  0.000000E+00,  0.000000E+00,  0.000000E+00, -1.894373E-07, -4.482128E-06,  9.782868E-03,  5.000000E-01
 8.300036E+01,  4150,  3.140561E+00,  1.362227E-03, -3.140561E+00,  0.000000E+00,  0.000000E+00,  0.000000E+00, -2.213900E-07, -5.869172E-06,  1.336948E-02,  5.000000E-01
 8.320036E+01,  4160,  3.140567E+00,  1.036105E-03, -3.140567E+00,  0.000000E+00,  0.000000E+00,  0.000000E+00, -2.094017E-07, -6.921762E-06,  2.077632E-02,  5.000000E-01
 8.340036E+01,  4170,  3.140574E+00,  6.365211E-04, -3.140574E+00,  0.000000E+00,  0.000000E+00,  0.000000E+00, -1.637377E-07, -7.097699E-06,  3.475599E-02,  5.000000E-01
 8.360036E+01,  4180,  3.140568E+00,  3.831234E-04, -3.140568E+00,  0.000000E+00,  0.000000E+00,  0.000000E+00, -1.114659E-07, -6.199200E-06,  5.053032E-02,  5.000000E-01
 8.380036E+01,  4190,  3.140556E+00,  4.695687E-04, -3.140556E+00,  0.000000E+00,  0.000000E+00,  0.000000E+00, -8.550069E-08, -4.881861E-06,  3.246208E-02,  5.000000E-01
 8.400036E+01,  4200,  3.140547E+00,  7.824367E-04, -3.140547E+00,  0.000000E+00,  0.000000E+00,  0.000000E+00, -9.649980E-08, -3.899913E-06,  1.552563E-02,  5.000000E-01
 8.420035E+01,  4210,  3.140544E+00,  1.186451E-03, -3.140543E+00,  0.000000E+00,  0.000000E+00,  0.000000E+00, -1.421917E-07, -3.745707E-06,  9.793729E-03,  5.000000E-01
 8.440037E+01,  4220,  3.140551E+00,  1.433123E-03, -3.140551E+00,  0.000000E+00,  0.000000E+00,  0.000000E+00, -1.954721E-07, -4.646162E-06,  1.004540E-02,  5.000000E-01
 8.460038E+01,  4230,  3.140563E+00,  1.327107E-03, -3.140563E+00,  0.000000E+00,  0.000000E+00,  0.000000E+00, -2.211126E-07, -6.044461E-06,  1.414042E-02,  5.000000E-01
 8.480038E+01,  4240,  3.140570E+00,  9.939212E-04, -3.140570E+00,  0.000000E+00,  0.000000E+00,  0.000000E+00, -2.057140E-07, -6.992967E-06,  2.188483E-02,  5.000000E-01
 8.500040E+01,  4250,  3.140573E+00,  5.854421E-04, -3.140573E+00,  0.000000E+00,  0.000000E+00,  0.000000E+00, -1.552378E-07, -7.025307E-06,  3.741400E-02,  5.000000E-01
 8.520039E+01,  4260,  3.140565E+00,  3.794049E-04, -3.140565E+00,  0.000000E+00,  0.000000E+00,  0.000000E+00, -1.055558E-07, -6.020778E-06,  4.956825E-02,  5.000000E-01
 8.540041E+01,  4270,  3.140555E+00,  5.131442E-04, -3.140555E+00,  0.000000E+00,  0.000000E+00,  0.000000E+00, -8.292376E-08, -4.654436E-06,  2.832258E-02,  5.000000E-01
 8.560041E+01,  4280,  3.140544E+00,  8.512116E-04, -3.140544E+00,  0.000000E+00,  0.000000E+00,  0.000000E+00, -1.023774E-07, -3.802966E-06,  1.390699E-02,  5.000000E-01
 8.580042E+01,  4290,  3.140545E+00,  1.245549E-03, -3.140545E+00,  0.000000E+00,  0.000000E+00,  0.000000E+00, -1.533111E-07, -3.853298E-06,  9.593154E-03,  5.000000E-01
 8.600044E+01,  4300,  3.140552E+00,  1.431705E-03, -3.140552E+00,  0.000000E+00,  0.000000E+00,  0.000000E+00, -2.001586E-07, -4.862696E-06,  1.052589E-02,  5.000000E-01
 8.620044E+01,  4310,  3.140563E+00,  1.287890E-03, -3.140562E+00,  0.000000E+00,  0.000000E+00,  0.000000E+00, -2.229724E-07, -6.214788E-06,  1.498507E-02,  5.000000E-01
 8.640046E+01,  4320,  3.140572E+00,  9.467383E-04, -3.140572E+00,  0.000000E+00,  0.000000E+00,  0.000000E+00, -1.999551E-07, -7.030648E-06,  2.310435E-02,  5.000000E-01
 8.660046E+01,  4330,  3.140574E+00,  5.518625E-04, -3.140574E+00,  0.000000E+00,  0.000000E+00,  0.000000E+00, -1.486871E-07, -6.926196E-06,  3.914187E-02,  5.000000E-01
 8.680046E+01,  4340,  3.140565E+00,  3.835657E-04, -3.140565E+00,  0.000000E+00,  0.000000E+00,  0.000000E+00, -1.023121E-07, -5.864027E-06,  4.775381E-02,  5.000000E-01
 8.700047E+01,  4350,  3.140554E+00,  5.386721E-04, -3.140554E+00,  0.000000E+00,  0.000000E+00,  0.000000E+00, -8.453237E-08, -4.578555E-06,  2.653914E-02,  5.000000E-01
 8.720047E+01,  4360,  3.140546E+00,  8.831744E-04, -3.140546E+00,  0.000000E+00,  0.000000E+00,  0.000000E+00, -1.063202E-07, -3.765793E-06,  1.326024E-02,  5.000000E-01
 8.740047E+01,  4370,  3.140544E+00,  1.267319E-03, -3.140544E+00,  0.000000E+00,  0.000000E+00,  0.000000E+00, -1.549920E-07, -3.871454E-06,  9.472577E-03,  5.000000E-01
 8.760047E+01,  4380,  3.140551E+00,  1.439847E-03, -3.140551E+00,  0.000000E+00,  0.000000E+00,  0.000000E+00, -2.048653E-07, -4.953303E-06,  1.065732E-02,  5.000000E-01
 8.780048E+01,  4390,  3.140565E+00,  1.257148E-03, -3.140564E+00,  0.000000E+00,  0.000000E+00,  0.000000E+00, -2.219275E-07, -6.343255E-06,  1.567204E-02,  5.000000E-01
 8.800047E+01,  4400,  3.140572E+00,  8.909656E-04, -3.140572E+00,  0.000000E+00,  0.000000E+00,  0.000000E+00, -1.966420E-07, -7.129663E-06,  2.491028E-02,  5.000000E-01
 8.820048E+01,  4410,  3.140577E+00,  5.051136E-04, -3.140577E+00,  0.000000E+00,  0.000000E+00,  0.000000E+00, -1.420014E-07, -6.890662E-06,  4.255994E-02,  5.000000E-01
 8.840047E+01,  4420,  3.140564E+00,  3.737338E-04, -3.140564E+00,  0.000000E+00,  0.000000E+00,  0.000000E+00, -9.557571E-08, -5.713315E-06,  4.776245E-02,  5.000000E-01
 8.860047E+01,  4430,  3.140551E+00,  5.580274E-04, -3.140551E+00,  0.000000E+00,  0.000000E+00,  0.000000E+00, -8.062416E-08, -4.445421E-06,  2.487137E-02,  5.000000E-01
 8.880048E+01,  4440,  3.140544E+00,  9.305942E-04, -3.140544E+00,  0.000000E+00,  0.000000E+00,  0.000000E+00, -1.081813E-07, -3.679089E-06,  1.229599E-02,  5.000000E-01
 8.900047E+01,  4450,  3.140545E+00,  1.324007E-03, -3.140545E+00,  0.000000E+00,  0.000000E+00,  0.000000E+00, -1.656740E-07, -3.967564E-06,  9.286147E-03,  5.000000E-01
 8.920048E+01,  4460,  3.140558E+00,  1.435414E-03, -3.140557E+00,  0.000000E+00,  0.000000E+00,  0.000000E+00, -2.092130E-07, -5.177386E-06,  1.117630E-02,  5.000000E-01
 8.940047E+01,  4470,  3.140569E+00,  1.224329E-03, -3.140568E+00,  0.000000E+00,  0.000000E+00,  0.000000E+00, -2.210026E-07, -6.494174E-06,  1.647478E-02,  5.000000E-01
 8.960048E+01,  4480,  3.140575E+00,  8.441769E-04, -3.140574E+00,  0.000000E+00,  0.000000E+00,  0.000000E+00, -1.927080E-07, -7.163754E-06,  2.642366E-02,  5.000000E-01
 8.980048E+01,  4490,  3.140573E+00,  4.799695E-04, -3.140573E+00,  0.000000E+00,  0.000000E+00,  0.000000E+00, -1.364018E-07, -6.774952E-06,  4.406258E-02,  5.000000E-01
 9.000047E+01,  4500,  3.140563E+00,  3.903560E-04, -3.140563E+00,  0.000000E+00,  0.000000E+00,  0.000000E+00, -9.392810E-08, -5.539410E-06,  4.432726E-02,  5.000000E-01
 9.020048E+01,  4510,  3.140552E+00,  6.211142E-04, -3.140552E+00,  0.000000E+00,  0.000000E+00,  0.000000E+00, -8.679110E-08, -4.265288E-06,  2.142303E-02,  5.000000E-01
 9.040047E+01,  4520,  3.140545E+00,  1.007238E-03, -3.140545E+00,  0.000000E+00,  0.000000E+00,  0.000000E+00, -1.173736E-07, -3.667566E-06,  1.131846E-02,  5.000000E-01
 9.060048E+01,  4530,  3.140547E+00,  1.362637E-03, -3.140547E+00,  0.000000E+00,  0.000000E+00,  0.000000E+00, -1.744163E-07, -4.171210E-06,  9.486664E-03,  5.000000E-01
 9.080048E+01,  4540,  3.140560E+00,  1.407641E-03, -3.140559E+00,  0.000000E+00,  0.000000E+00,  0.000000E+00, -2.133104E-07, -5.450324E-06,  1.200651E-02,  5.000000E-01
 9.100049E+01,  4550,  3.140569E+00,  1.156364E-03, -3.140569E+00,  0.000000E+00,  0.000000E+00,  0.000000E+00, -2.152442E-07, -6.657182E-06,  1.789295E-02,  5.000000E-01
 9.120049E+01,  4560,  3.140575E+00,  7.691620E-04, -3.140574E+00,  0.000000E+00,  0.000000E+00,  0.000000E+00, -1.802850E-07, -7.145990E-06,  2.894261E-02,  5.000000E-01
 9.140050E+01,  4570,  3.140572E+00,  4.356729E-04, -3.140572E+00,  0.000000E+00,  0.000000E+00,  0.000000E+00, -1.272035E-07, -6.556118E-06,  4.697364E-02,  5.000000E-01
 9.160050E+01,  4580,  3.140563E+00,  4.151199E-04, -3.140563E+00,  0.000000E+00,  0.000000E+00,  0.000000E+00, -8.986682E-08, -5.296612E-06,  3.984684E-02,  5.000000E-01
 9.180051E+01,  4590,  3.140552E+00,  6.586508E-04, -3.140552E+00,  0.000000E+00,  0.000000E+00,  0.000000E+00, -8.792327E-08, -4.169577E-06,  1.974973E-02,  5.000000E-01
 9.200053E+01,  4600,  3.140546E+00,  1.037503E-03, -3.140546E+00,  0.000000E+00,  0.000000E+00,  0.000000E+00, -1.228063E-07, -3.681313E-06,  1.102298E-02,  5.000000E-01
 9.220053E+01,  4610,  3.140550E+00,  1.377990E-03, -3.140550E+00,  0.000000E+00,  0.000000E+00,  0.000000E+00, -1.758668E-07, -4.212929E-06,  9.473962E-03,  5.000000E-01
 9.240055E+01,  4620,  3.140562E+00,  1.409735E-03, -3.140562E+00,  0.000000E+00,  0.000000E+00,  0.000000E+00, -2.155688E-07, -5.490326E-06,  1.207807E-02,  5.000000E-01
 9.260055E+01,  4630,  3.140570E+00,  1.146825E-03, -3.140570E+00,  0.000000E+00,  0.000000E+00,  0.000000E+00, -2.178172E-07, -6.704193E-06,  1.816957E-02,  5.000000E-01
 9.280056E+01,  4640,  3.140573E+00,  7.345674E-04, -3.140573E+00,  0.000000E+00,  0.000000E+00,  0.000000E+00, -1.797699E-07, -7.183063E-06,  3.046556E-02,  5.000000E-01
 9.300058E+01,  4650,  3.140572E+00,  4.131310E-04, -3.140572E+00,  0.000000E+00,  0.000000E+00,  0.000000E+00, -1.203778E-07, -6.508560E-06,  4.917638E-02,  5.000000E-01
 9.320057E+01,  4660,  3.140565E+00,  4.251030E-04, -3.140565E+00,  0.000000E+00,  0.000000E+00,  0.000000E+00, -8.689335E-08, -5.156393E-06,  3.788305E-02,  5.000000E-01
 9.340058E+01,  4670,  3.140551E+00,  7.154910E-04, -3.140551E+00,  0.000000E+00,  0.000000E+00,  0.000000E+00, -9.084013E-08, -4.001216E-06,  1.742911E-02,  5.000000E-01
 9.360058E+01,  4680,  3.140543E+00,  1.128973E-03, -3.140543E+00,  0.000000E+00,  0.000000E+00,  0.000000E+00, -1.325432E-07, -3.667689E-06,  1.007958E-02,  5.000000E-01
 9.380058E+01,  4690,  3.140550E+00,  1.421066E-03, -3.140549E+00,  0.000000E+00,  0.000000E+00,  0.000000E+00, -1.898302E-07, -4.449060E-06,  9.702181E-03,  5.000000E-01
 9.400058E+01,  4700,  3.140563E+00,  1.379558E-03, -3.140562E+00,  0.000000E+00,  0.000000E+00,  0.000000E+00, -2.204953E-07, -5.763316E-06,  1.296199E-02,  5.000000E-01
 9.420058E+01,  4710,  3.140571E+00,  1.084440E-03, -3.140571E+00,  0.000000E+00,  0.000000E+00,  0.000000E+00, -2.117833E-07, -6.854488E-06,  1.965193E-02,  5.000000E-01
 9.440058E+01,  4720,  3.140576E+00,  6.881420E-04, -3.140576E+00,  0.000000E+00,  0.000000E+00,  0.000000E+00, -1.710741E-07, -7.141664E-06,  3.234312E-02,  5.000000E-01
 9.460058E+01,  4730,  3.140572E+00,  4.041123E-04, -3.140572E+00,  0.000000E+00,  0.000000E+00,  0.000000E+00, -1.173575E-07, -6.415703E-06,  4.956245E-02,  5.000000E-01
 9.480058E+01,  4740,  3.140564E+00,  4.301079E-04, -3.140564E+00,  0.000000E+00,  0.000000E+00,  0.000000E+00, -8.563415E-08, -5.108829E-06,  3.709272E-02,  5.000000E-01
 9.500058E+01,  4750,  3.140547E+00,  7.351965E-04, -3.140546E+00,  0.000000E+00,  0.000000E+00,  0.000000E+00, -9.272659E-08, -3.963755E-06,  1.680234E-02,  5.000000E-01
 9.520058E+01,  4760,  3.140544E+00,  1.147146E-03, -3.140544E+00,  0.000000E+00,  0.000000E+00,  0.000000E+00, -1.333289E-07, -3.665709E-06,  9.915703E-03,  5.000000E-01
 9.540058E+01,  4770,  3.140552E+00,  1.428124E-03, -3.140552E+00,  0.000000E+00,  0.000000E+00,  0.000000E+00, -1.916360E-07, -4.466930E-06,  9.688783E-03,  5.000000E-01
 9.560058E+01,  4780,  3.140563E+00,  1.370131E-03, -3.140562E+00,  0.000000E+00,  0.000000E+00,  0.000000E+00, -2.202796E-07, -5.830191E-06,  1.320409E-02,  5.000000E-01
 9.580058E+01,  4790,  3.140572E+00,  1.062408E-03, -3.140572E+00,  0.000000E+00,  0.000000E+00,  0.000000E+00, -2.135838E-07, -6.909620E-06,  2.022014E-02,  5.000000E-01
 9.600058E+01,  4800,  3.140580E+00,  6.442074E-04, -3.140580E+00,  0.000000E+00,  0.000000E+00,  0.000000E+00, -1.673630E-07, -7.147053E-06,  3.458377E-02,  5.000000E-01
 9.620058E+01,  4810,  3.140573E+00,  3.777670E-04, -3.140573E+00,  0.000000E+00,  0.000000E+00,  0.000000E+00, -1.123048E-07, -6.293576E-06,  5.202433E-02,  5.000000E-01
 9.640058E+01,  4820,  3.140558E+00,  4.636822E-04, -3.140558E+00,  0.000000E+00,  0.000000E+00,  0.000000E+00, -8.133367E-08, -4.844903E-06,  3.263474E-02,  5.000000E-01
 9.660059E+01,  4830,  3.140548E+00,  7.976585E-04, -3.140548E+00,  0.000000E+00,  0.000000E+00,  0.000000E+00, -9.608627E-08, -3.830891E-06,  1.496128E-02,  5.000000E-01
 9.680058E+01,  4840,  3.140546E+00,  1.205772E-03, -3.140546E+00,  0.000000E+00,  0.000000E+00,  0.000000E+00, -1.436801E-07, -3.720582E-06,  9.567810E-03,  5.000000E-01
 9.700060E+01,  4850,  3.140556E+00,  1.444421E-03, -3.140556E+00,  0.000000E+00,  0.000000E+00,  0.000000E+00, -1.998196E-07, -4.684703E-06,  1.005021E-02,  5.000000E-01
 9.720059E+01,  4860,  3.140566E+00,  1.323091E-03, -3.140566E+00,  0.000000E+00,  0.000000E+00,  0.000000E+00, -2.211993E-07, -6.111999E-06,  1.434165E-02,  5.000000E-01
 9.740060E+01,  4870,  3.140575E+00,  9.853872E-04, -3.140575E+00,  0.000000E+00,  0.000000E+00,  0.000000E+00, -2.056182E-07, -7.034809E-06,  2.220233E-02,  5.000000E-01
 9.760062E+01,  4880,  3.140574E+00,  5.799370E-04, -3.140574E+00,  0.000000E+00,  0.000000E+00,  0.000000E+00, -1.545359E-07, -7.029827E-06,  3.779187E-02,  5.000000E-01
 9.780062E+01,  4890,  3.140568E+00,  3.716975E-04, -3.140568E+00,  0.000000E+00,  0.000000E+00,  0.000000E+00, -1.054764E-07, -6.013957E-06,  5.054036E-02,  5.000000E-01
 9.800064E+01,  4900,  3.140557E+00,  5.204509E-04, -3.140557E+00,  0.000000E+00,  0.000000E+00,  0.000000E+00, -8.418791E-08, -4.592658E-06,  2.755667E-02,  5.000000E-01
 9.820064E+01,  4910,  3.140548E+00,  8.676543E-04, -3.140548E+00,  0.000000E+00,  0.000000E+00,  0.000000E+00, -1.049072E-07, -3.770493E-06,  1.351835E-02,  5.000000E-01
 9.840066E+01,  4920,  3.140548E+00,  1.258894E-03, -3.140547E+00,  0.000000E+00,  0.000000E+00,  0.000000E+00, -1.547526E-07, -3.863551E-06,  9.514585E-03,  5.000000E-01
 9.860065E+01,  4930,  3.140554E+00,  1.438774E-03, -3.140554E+00,  0.000000E+00,  0.000000E+00,  0.000000E+00, -2.035534E-07, -4.931325E-06,  1.061864E-02,  5.000000E-01
 9.880067E+01,  4940,  3.140568E+00,  1.273098E-03, -3.140568E+00,  0.000000E+00,  0.000000E+00,  0.000000E+00, -2.220980E-07, -6.285048E-06,  1.533188E-02,  5.000000E-01
 9.900067E+01,  4950,  3.140574E+00,  9.189012E-04, -3.140574E+00,  0.000000E+00,  0.000000E+00,  0.000000E+00, -1.988422E-07, -7.075359E-06,  2.395548E-02,  5.000000E-01
 9.920068E+01,  4960,  3.140574E+00,  5.261250E-04, -3.140574E+00,  0.000000E+00,  0.000000E+00,  0.000000E+00, -1.457383E-07, -6.884855E-06,  4.082396E-02,  5.000000E-01
 9.940070E+01,  4970,  3.140568E+00,  3.794349E-04, -3.140568E+00,  0.000000E+00,  0.000000E+00,  0.000000E+00, -9.828032E-08, -5.775092E-06,  4.754342E-02,  5.000000E-01
 9.960070E+01,  4980,  3.140555E+00,  5.464554E-04, -3.140555E+00,  0.000000E+00,  0.000000E+00,  0.000000E+00, -8.285913E-08, -4.513880E-06,  2.578660E-02,  5.000000E-01
 9.980070E+01,  4990,  3.140548E+00,  8.906888E-04, -3.140548E+00,  0.000000E+00,  0.000000E+00,  0.000000E+00, -1.046144E-07, -3.741911E-06,  1.306907E-02,  5.000000E-01
 1.000007E+02,  5000,  3.140548E+00,  1.273412E-03, -3.140548E+00,  0.000000E+00,  0.000000E+00,  0.000000E+00, -1.575202E-07, -3.878624E-06,  9.441326E-03,  5.000000E-01
